,treat,day,rep,string,pos,Oc_size,Ns_size,i_ind,ucode,i_treatday,treatday,i_treat
0,cont,0,1,1,0,93.00776780394997,26.696400056378994,0,cont_0_1_1,0,cont_0,0
1,cont,0,1,1,1,93.6976383038473,27.307330913131413,0,cont_0_1_1,0,cont_0,0
2,cont,0,1,1,2,73.2263460507954,50.065921587363306,0,cont_0_1_1,0,cont_0,0
3,cont,0,1,1,3,58.7995064488166,49.66622073330802,0,cont_0_1_1,0,cont_0,0
4,cont,0,1,1,4,44.74353015438781,48.777768630421235,0,cont_0_1_1,0,cont_0,0
5,cont,0,1,1,5,35.540301641989956,47.698750617417275,0,cont_0_1_1,0,cont_0,0
6,cont,0,1,1,6,27.973972801844056,43.47261961997514,0,cont_0_1_1,0,cont_0,0
7,cont,0,1,1,7,24.638926847453725,37.74576602149014,0,cont_0_1_1,0,cont_0,0
8,cont,0,1,1,8,18.23437633639668,32.80980606774265,0,cont_0_1_1,0,cont_0,0
9,cont,0,1,1,9,15.746084069812541,28.550225261675923,0,cont_0_1_1,0,cont_0,0
10,cont,0,1,1,10,11.206299313845916,22.658480983736514,0,cont_0_1_1,0,cont_0,0
11,cont,0,1,1,11,9.60948578903831,18.29843457022702,0,cont_0_1_1,0,cont_0,0
12,cont,0,1,1,12,13.46979665211666,19.21938306298894,0,cont_0_1_1,0,cont_0,0
13,cont,0,2,1,0,123.75541633679106,17.83014687698205,1,cont_0_2_1,0,cont_0,0
14,cont,0,2,1,1,107.86685694166879,62.50107979868128,1,cont_0_2_1,0,cont_0,0
15,cont,0,2,1,2,74.13678465867591,59.76904234574854,1,cont_0_2_1,0,cont_0,0
16,cont,0,2,1,3,51.732084535882116,57.84296298866947,1,cont_0_2_1,0,cont_0,0
17,cont,0,2,1,4,36.609660821496924,52.51628881436723,1,cont_0_2_1,0,cont_0,0
18,cont,0,2,1,5,27.223015583160517,41.95109696363583,1,cont_0_2_1,0,cont_0,0
19,cont,0,2,1,6,18.63823204271597,34.95476324889669,1,cont_0_2_1,0,cont_0,0
20,cont,0,2,1,7,14.323656771928677,29.573475821729954,1,cont_0_2_1,0,cont_0,0
21,cont,0,2,1,8,17.37800236152864,24.693169324010004,1,cont_0_2_1,0,cont_0,0
22,cont,0,2,1,9,11.777794767135918,22.35715899870048,1,cont_0_2_1,0,cont_0,0
23,cont,0,2,1,10,9.410594370750346,19.158739611848972,1,cont_0_2_1,0,cont_0,0
24,cont,0,2,1,11,11.21258183441097,15.024082857692338,1,cont_0_2_1,0,cont_0,0
25,cont,0,2,1,12,7.890909815041665,12.437468118108686,1,cont_0_2_1,0,cont_0,0
26,cont,0,2,1,13,7.077906482731829,14.44667799358738,1,cont_0_2_1,0,cont_0,0
27,cont,0,2,1,14,8.558183294594475,11.972417502812736,1,cont_0_2_1,0,cont_0,0
28,cont,0,2,1,15,3.525266492268577,12.235385102571565,1,cont_0_2_1,0,cont_0,0
29,cont,0,2,2,0,126.03308777078453,23.973368402468033,2,cont_0_2_2,0,cont_0,0
30,cont,0,2,2,1,113.80735772134163,62.50747940575509,2,cont_0_2_2,0,cont_0,0
31,cont,0,2,2,2,65.44383635026114,59.04831674358457,2,cont_0_2_2,0,cont_0,0
32,cont,0,2,2,3,47.6379701162278,52.505212125169464,2,cont_0_2_2,0,cont_0,0
33,cont,0,2,2,4,33.45622697948355,47.43901378860474,2,cont_0_2_2,0,cont_0,0
34,cont,0,2,2,5,23.78059091109322,28.685829150553644,2,cont_0_2_2,0,cont_0,0
35,cont,0,2,2,6,16.972408695550712,33.54676597882035,2,cont_0_2_2,0,cont_0,0
36,cont,0,2,2,7,19.942419108435985,27.04101322373333,2,cont_0_2_2,0,cont_0,0
37,cont,0,2,2,8,11.782717666484992,25.0774727442334,2,cont_0_2_2,0,cont_0,0
38,cont,0,2,2,9,13.52371336522624,20.749620065704754,2,cont_0_2_2,0,cont_0,0
39,cont,0,2,2,10,13.59381786645189,18.229489697361945,2,cont_0_2_2,0,cont_0,0
40,cont,0,2,2,11,10.279570334845936,15.477080897280786,2,cont_0_2_2,0,cont_0,0
41,cont,0,2,2,12,7.190643070200841,12.864712319334794,2,cont_0_2_2,0,cont_0,0
42,cont,0,2,2,13,8.639077080654019,13.068397697762704,2,cont_0_2_2,0,cont_0,0
43,cont,0,3,1,0,97.08604915390309,36.60216125735088,3,cont_0_3_1,0,cont_0,0
44,cont,0,3,1,1,85.53250219791755,60.17778945665329,3,cont_0_3_1,0,cont_0,0
45,cont,0,3,1,2,65.39652354908347,55.34590963572125,3,cont_0_3_1,0,cont_0,0
46,cont,0,3,1,3,51.44534043774996,49.359311910615276,3,cont_0_3_1,0,cont_0,0
47,cont,0,3,1,4,37.35984036033207,41.347312850670534,3,cont_0_3_1,0,cont_0,0
48,cont,0,3,1,5,26.370121627271757,38.74028947643756,3,cont_0_3_1,0,cont_0,0
49,cont,0,3,1,6,21.827221609686656,33.82425182377299,3,cont_0_3_1,0,cont_0,0
50,cont,0,3,1,7,17.98789621628605,28.689794919511353,3,cont_0_3_1,0,cont_0,0
51,cont,0,3,1,8,15.897984253507683,26.103866478302045,3,cont_0_3_1,0,cont_0,0
52,cont,0,3,1,9,14.31795752069971,22.506131503963132,3,cont_0_3_1,0,cont_0,0
53,cont,0,3,1,10,12.540148129481077,20.45217037333041,3,cont_0_3_1,0,cont_0,0
54,cont,0,3,1,11,13.966325468878408,17.558094407953977,3,cont_0_3_1,0,cont_0,0
55,cont,0,3,1,12,12.018834993926946,17.18839659257505,3,cont_0_3_1,0,cont_0,0
56,cont,0,3,1,13,11.416762784535347,15.73364523923324,3,cont_0_3_1,0,cont_0,0
57,cont,0,3,1,14,10.510653462795037,14.425991679949194,3,cont_0_3_1,0,cont_0,0
58,cont,0,3,1,15,8.880608184603046,14.386713884316105,3,cont_0_3_1,0,cont_0,0
59,cont,0,3,1,16,8.030557036121142,13.582553943903465,3,cont_0_3_1,0,cont_0,0
60,cont,0,3,1,17,3.9710103541232673,11.279317256610955,3,cont_0_3_1,0,cont_0,0
61,cont,0,3,1,18,6.34721644340753,9.07551914481133,3,cont_0_3_1,0,cont_0,0
62,cont,0,3,2,0,100.96572759221021,32.98188749454017,4,cont_0_3_2,0,cont_0,0
63,cont,0,3,2,1,104.74035054603227,59.86777089950087,4,cont_0_3_2,0,cont_0,0
64,cont,0,3,2,2,74.49197843058144,57.1905666213377,4,cont_0_3_2,0,cont_0,0
65,cont,0,3,2,3,59.15344239807483,50.59806516091218,4,cont_0_3_2,0,cont_0,0
66,cont,0,3,2,4,42.25204702955067,46.7625084179826,4,cont_0_3_2,0,cont_0,0
67,cont,0,3,2,5,37.45979494796412,42.33776402902111,4,cont_0_3_2,0,cont_0,0
68,cont,0,3,2,6,27.577637911538865,38.05256169200115,4,cont_0_3_2,0,cont_0,0
69,cont,0,3,2,7,21.603686021842496,32.50824181570361,4,cont_0_3_2,0,cont_0,0
70,cont,0,3,2,8,17.03478391152601,28.685146580376784,4,cont_0_3_2,0,cont_0,0
71,cont,0,3,2,9,13.580743768668354,24.1681633028514,4,cont_0_3_2,0,cont_0,0
72,cont,0,3,2,10,12.508502577974447,21.38203569137313,4,cont_0_3_2,0,cont_0,0
73,cont,0,3,2,11,11.885152507876816,19.380400718380834,4,cont_0_3_2,0,cont_0,0
74,cont,0,3,2,12,11.360349060326202,16.862989146665498,4,cont_0_3_2,0,cont_0,0
75,cont,0,3,2,13,11.27657253797202,17.29730208333583,4,cont_0_3_2,0,cont_0,0
76,cont,0,3,2,14,11.81597310407891,14.984299403505736,4,cont_0_3_2,0,cont_0,0
77,cont,0,3,3,0,102.42955166562975,24.29245268235502,5,cont_0_3_3,0,cont_0,0
78,cont,0,3,3,1,93.40411357037586,60.29108729898072,5,cont_0_3_3,0,cont_0,0
79,cont,0,3,3,2,75.44186165630546,59.043279022078,5,cont_0_3_3,0,cont_0,0
80,cont,0,3,3,3,54.126328833385095,51.95328712427896,5,cont_0_3_3,0,cont_0,0
81,cont,0,3,3,4,44.17052315737059,47.64479876119272,5,cont_0_3_3,0,cont_0,0
82,cont,0,3,3,5,32.246092163225335,40.75577942002069,5,cont_0_3_3,0,cont_0,0
83,cont,0,3,3,6,24.32228143080348,37.688089136695744,5,cont_0_3_3,0,cont_0,0
84,cont,0,3,3,7,20.58098909986911,34.057204559283605,5,cont_0_3_3,0,cont_0,0
85,cont,0,3,3,8,18.31551042961472,32.017755860756246,5,cont_0_3_3,0,cont_0,0
86,cont,0,3,3,9,18.68935035013564,26.622841463334144,5,cont_0_3_3,0,cont_0,0
87,cont,0,3,3,10,12.960309597477744,23.024125706893965,5,cont_0_3_3,0,cont_0,0
88,cont,0,3,3,11,12.283664400357752,20.23276815482144,5,cont_0_3_3,0,cont_0,0
89,cont,0,3,3,12,10.902080104059548,18.989759183997325,5,cont_0_3_3,0,cont_0,0
90,cont,0,3,3,13,10.949259760875847,17.02515295206018,5,cont_0_3_3,0,cont_0,0
91,cont,0,3,3,14,10.115642610036542,14.242325272636297,5,cont_0_3_3,0,cont_0,0
92,cont,0,3,3,15,8.062676538498422,12.328171537394361,5,cont_0_3_3,0,cont_0,0
93,caged,4,1,1,0,101.2857020787075,13.362009392769801,6,caged_4_1_1,1,caged_4,1
94,caged,4,1,1,1,62.758611647146196,57.096390234587524,6,caged_4_1_1,1,caged_4,1
95,caged,4,1,1,2,50.1016997665942,57.99559154999347,6,caged_4_1_1,1,caged_4,1
96,caged,4,1,1,3,38.21819372599786,52.12126946194339,6,caged_4_1_1,1,caged_4,1
97,caged,4,1,1,4,27.397844502073866,45.60338823967431,6,caged_4_1_1,1,caged_4,1
98,caged,4,1,1,5,21.512228116520447,38.913015726352064,6,caged_4_1_1,1,caged_4,1
99,caged,4,1,1,6,15.04443271818957,31.873423983737734,6,caged_4_1_1,1,caged_4,1
100,caged,4,1,1,7,14.398073039071386,28.219817062619892,6,caged_4_1_1,1,caged_4,1
101,caged,4,1,1,8,12.025451953960344,25.25769640798649,6,caged_4_1_1,1,caged_4,1
102,caged,4,1,1,9,12.373549976115166,21.9192665450888,6,caged_4_1_1,1,caged_4,1
103,caged,4,1,1,10,12.140139515898392,19.458973616348064,6,caged_4_1_1,1,caged_4,1
104,caged,4,1,1,11,11.446963693004104,16.73046613909459,6,caged_4_1_1,1,caged_4,1
105,caged,4,1,1,12,9.243606041548638,15.381496493035996,6,caged_4_1_1,1,caged_4,1
106,caged,4,1,1,13,8.752896634872199,15.162221595978082,6,caged_4_1_1,1,caged_4,1
107,caged,4,1,1,14,9.932546404937463,14.427815034866931,6,caged_4_1_1,1,caged_4,1
108,caged,4,1,1,15,9.276886645934047,15.293865409505148,6,caged_4_1_1,1,caged_4,1
109,caged,4,1,1,16,9.911421302344143,14.280464941522798,6,caged_4_1_1,1,caged_4,1
110,caged,4,1,1,17,10.036999982741843,11.92894487953125,6,caged_4_1_1,1,caged_4,1
111,caged,4,1,2,0,89.25356327634796,7.717443661770314,7,caged_4_1_2,1,caged_4,1
112,caged,4,1,2,1,85.06902330974893,51.29625659954683,7,caged_4_1_2,1,caged_4,1
113,caged,4,1,2,2,58.921743249750136,57.714696428005,7,caged_4_1_2,1,caged_4,1
114,caged,4,1,2,3,37.7786923875397,50.43324285730279,7,caged_4_1_2,1,caged_4,1
115,caged,4,1,2,4,27.78910716855487,48.399611604400945,7,caged_4_1_2,1,caged_4,1
116,caged,4,1,2,5,25.186227421555,41.82832270130114,7,caged_4_1_2,1,caged_4,1
117,caged,4,1,2,6,20.222342567553156,38.31450126491289,7,caged_4_1_2,1,caged_4,1
118,caged,4,1,2,7,15.246993826263584,31.127087916288136,7,caged_4_1_2,1,caged_4,1
119,caged,4,1,2,8,15.467442149461174,28.139930625280925,7,caged_4_1_2,1,caged_4,1
120,caged,4,1,2,9,11.838653630908636,26.578390095883094,7,caged_4_1_2,1,caged_4,1
121,caged,4,1,2,10,11.93289057973281,22.659574912998803,7,caged_4_1_2,1,caged_4,1
122,caged,4,1,2,11,12.906949848519172,22.074998006197095,7,caged_4_1_2,1,caged_4,1
123,caged,4,1,2,12,12.494515600735898,20.560253659364243,7,caged_4_1_2,1,caged_4,1
124,caged,4,1,2,13,10.579728241930054,15.577569545843962,7,caged_4_1_2,1,caged_4,1
125,caged,4,1,2,14,5.965218631301886,12.390777798747441,7,caged_4_1_2,1,caged_4,1
126,caged,4,2,1,0,75.94049458494999,14.510691438137657,8,caged_4_2_1,1,caged_4,1
127,caged,4,2,1,1,58.42596378969073,51.69282516208661,8,caged_4_2_1,1,caged_4,1
128,caged,4,2,1,2,42.83985605959201,45.47448254212306,8,caged_4_2_1,1,caged_4,1
129,caged,4,2,1,3,27.748375970766986,36.52916927222482,8,caged_4_2_1,1,caged_4,1
130,caged,4,2,1,4,22.17723001789857,34.94419951191777,8,caged_4_2_1,1,caged_4,1
131,caged,4,2,1,5,18.941478845102374,30.160342842558805,8,caged_4_2_1,1,caged_4,1
132,caged,4,2,1,6,16.879468631783297,26.004509160558634,8,caged_4_2_1,1,caged_4,1
133,caged,4,2,1,7,15.369103068532118,24.903288861398156,8,caged_4_2_1,1,caged_4,1
134,caged,4,2,1,8,15.291463783032752,22.215159695671357,8,caged_4_2_1,1,caged_4,1
135,caged,4,2,1,9,12.402039336512189,15.888188220571644,8,caged_4_2_1,1,caged_4,1
136,caged,4,2,1,10,8.653696084401899,16.133288036131255,8,caged_4_2_1,1,caged_4,1
137,caged,4,2,2,0,78.23569759843366,27.207828720106853,9,caged_4_2_2,1,caged_4,1
138,caged,4,2,2,1,54.01335772004032,49.98076102793361,9,caged_4_2_2,1,caged_4,1
139,caged,4,2,2,2,40.355547615046746,46.910804196413366,9,caged_4_2_2,1,caged_4,1
140,caged,4,2,2,3,27.992195621716373,38.61305393912521,9,caged_4_2_2,1,caged_4,1
141,caged,4,2,2,4,23.238244223989923,34.53426191976126,9,caged_4_2_2,1,caged_4,1
142,caged,4,2,2,5,25.529059101053488,30.644606952455216,9,caged_4_2_2,1,caged_4,1
143,caged,4,2,2,6,18.261273447057288,25.88285542701795,9,caged_4_2_2,1,caged_4,1
144,caged,4,2,2,7,14.703073440846092,24.345149296288284,9,caged_4_2_2,1,caged_4,1
145,caged,4,2,2,8,12.309165190810338,22.05828832572792,9,caged_4_2_2,1,caged_4,1
146,caged,4,2,2,9,6.979891953250389,18.682133251329873,9,caged_4_2_2,1,caged_4,1
147,caged,4,2,3,0,70.23604889344293,44.757879387339436,10,caged_4_2_3,1,caged_4,1
148,caged,4,2,3,1,44.49491292074933,45.285739069896465,10,caged_4_2_3,1,caged_4,1
149,caged,4,2,3,2,32.62041487011552,41.35550692291981,10,caged_4_2_3,1,caged_4,1
150,caged,4,2,3,3,25.278571455255367,37.42284742216956,10,caged_4_2_3,1,caged_4,1
151,caged,4,2,3,4,21.289563561580188,32.35401171569923,10,caged_4_2_3,1,caged_4,1
152,caged,4,2,3,5,13.486926726967175,26.80693453984614,10,caged_4_2_3,1,caged_4,1
153,caged,4,2,3,6,11.271914658602654,23.81275920041631,10,caged_4_2_3,1,caged_4,1
154,caged,4,2,3,7,11.508725957638891,18.54640608307429,10,caged_4_2_3,1,caged_4,1
155,caged,4,2,3,8,9.651060851177018,17.184027947689938,10,caged_4_2_3,1,caged_4,1
156,caged,4,2,3,9,7.996278538510099,14.543851340837875,10,caged_4_2_3,1,caged_4,1
157,caged,4,2,4,0,70.02507855518945,16.87978842544586,11,caged_4_2_4,1,caged_4,1
158,caged,4,2,4,1,73.77448964562232,31.070660695507357,11,caged_4_2_4,1,caged_4,1
159,caged,4,2,4,2,54.8170969001578,48.174241770510726,11,caged_4_2_4,1,caged_4,1
160,caged,4,2,4,3,37.0562455832225,44.32160326954274,11,caged_4_2_4,1,caged_4,1
161,caged,4,2,4,4,29.272419533595286,37.16907101394757,11,caged_4_2_4,1,caged_4,1
162,caged,4,2,4,5,20.8687417117227,30.986542751624626,11,caged_4_2_4,1,caged_4,1
163,caged,4,2,4,6,19.485717335962047,26.92944456713027,11,caged_4_2_4,1,caged_4,1
164,caged,4,2,4,7,15.78864319687741,25.357385486337478,11,caged_4_2_4,1,caged_4,1
165,caged,4,2,4,8,13.958538735758554,21.10517005201335,11,caged_4_2_4,1,caged_4,1
166,caged,4,2,4,9,13.291064162339843,20.70920619598505,11,caged_4_2_4,1,caged_4,1
167,caged,4,2,4,10,12.617189555244916,18.995819165475147,11,caged_4_2_4,1,caged_4,1
168,caged,4,2,4,11,10.49413848345166,18.254670508825296,11,caged_4_2_4,1,caged_4,1
169,caged,4,2,5,0,76.32752225318127,16.143604561070195,12,caged_4_2_5,1,caged_4,1
170,caged,4,2,5,1,74.23814110729198,29.811907760937576,12,caged_4_2_5,1,caged_4,1
171,caged,4,2,5,2,41.82437453948064,43.73628830769212,12,caged_4_2_5,1,caged_4,1
172,caged,4,2,5,3,30.219087138303784,36.85530694553031,12,caged_4_2_5,1,caged_4,1
173,caged,4,2,5,4,22.91346059082835,31.84192408124948,12,caged_4_2_5,1,caged_4,1
174,caged,4,2,5,5,22.725460547292705,32.71749060679463,12,caged_4_2_5,1,caged_4,1
175,caged,4,2,5,6,15.356239130053357,27.291402294387613,12,caged_4_2_5,1,caged_4,1
176,caged,4,2,5,7,12.658724089588857,20.179898823828918,12,caged_4_2_5,1,caged_4,1
177,caged,4,2,5,8,11.204122855594479,18.804546733966934,12,caged_4_2_5,1,caged_4,1
178,caged,4,2,5,9,10.426853989017719,17.329257874094345,12,caged_4_2_5,1,caged_4,1
179,caged,4,2,5,10,9.150463540920551,15.470677568209574,12,caged_4_2_5,1,caged_4,1
180,caged,4,2,5,11,9.384639296709901,13.081805815738841,12,caged_4_2_5,1,caged_4,1
181,caged,4,3,1,0,90.95793967045236,25.172127448859776,13,caged_4_3_1,1,caged_4,1
182,caged,4,3,1,1,72.30988156001204,58.926935652259104,13,caged_4_3_1,1,caged_4,1
183,caged,4,3,1,2,49.45281639694451,51.02051656187762,13,caged_4_3_1,1,caged_4,1
184,caged,4,3,1,3,48.07392680500236,56.62168191753268,13,caged_4_3_1,1,caged_4,1
185,caged,4,3,1,4,34.11003585442911,46.43281881547949,13,caged_4_3_1,1,caged_4,1
186,caged,4,3,1,5,23.725208753574872,42.74737590599652,13,caged_4_3_1,1,caged_4,1
187,caged,4,3,1,6,19.511246186903435,35.240832566996865,13,caged_4_3_1,1,caged_4,1
188,caged,4,3,1,7,14.802948890288516,28.251581620240056,13,caged_4_3_1,1,caged_4,1
189,caged,4,3,1,8,14.64146062556184,21.08727560695634,13,caged_4_3_1,1,caged_4,1
190,caged,4,3,1,9,17.059583197785948,20.58941650688278,13,caged_4_3_1,1,caged_4,1
191,caged,4,3,1,10,10.187050467897562,16.259757034253017,13,caged_4_3_1,1,caged_4,1
192,caged,4,3,1,11,9.881623492454175,12.574768196652677,13,caged_4_3_1,1,caged_4,1
193,caged,4,3,1,12,8.45290054641945,12.469609387439638,13,caged_4_3_1,1,caged_4,1
194,caged,4,3,1,13,9.475771728641213,10.693225392655522,13,caged_4_3_1,1,caged_4,1
195,caged,4,3,2,0,87.12074980187809,26.070630445949703,14,caged_4_3_2,1,caged_4,1
196,caged,4,3,2,1,39.94251574357165,49.9653964837165,14,caged_4_3_2,1,caged_4,1
197,caged,4,3,2,2,33.10289451328718,46.10595585857737,14,caged_4_3_2,1,caged_4,1
198,caged,4,3,2,3,23.546195544855216,38.83521580390853,14,caged_4_3_2,1,caged_4,1
199,caged,4,3,2,4,14.171637531192358,35.32452939758965,14,caged_4_3_2,1,caged_4,1
200,caged,4,3,2,5,14.963844942278117,26.772735381738645,14,caged_4_3_2,1,caged_4,1
201,caged,4,3,2,6,13.87301485149809,22.847104157814154,14,caged_4_3_2,1,caged_4,1
202,caged,4,3,2,7,11.075744912541765,18.15214492346947,14,caged_4_3_2,1,caged_4,1
203,caged,4,3,2,8,11.201371284332705,15.835311316286509,14,caged_4_3_2,1,caged_4,1
204,caged,4,3,2,9,10.049678838987797,13.104983145082956,14,caged_4_3_2,1,caged_4,1
205,caged,4,3,2,10,7.850169021897928,14.625687849855138,14,caged_4_3_2,1,caged_4,1
206,caged,4,3,2,11,9.17509921673386,10.922111496166492,14,caged_4_3_2,1,caged_4,1
207,caged,4,3,2,12,6.196773007008731,10.31847968539687,14,caged_4_3_2,1,caged_4,1
208,caged,4,3,2,13,6.118402371483701,9.761732706577657,14,caged_4_3_2,1,caged_4,1
209,caged,4,3,2,14,3.773775330480086,9.921647905482315,14,caged_4_3_2,1,caged_4,1
210,caged,4,3,3,0,72.81613312327718,12.7140893231199,15,caged_4_3_3,1,caged_4,1
211,caged,4,3,3,1,80.59966746000838,23.23659618385701,15,caged_4_3_3,1,caged_4,1
212,caged,4,3,3,2,56.748748919029744,48.2159703723948,15,caged_4_3_3,1,caged_4,1
213,caged,4,3,3,3,33.47351640082663,46.50594838993882,15,caged_4_3_3,1,caged_4,1
214,caged,4,3,3,4,22.299104099379278,37.89271851080969,15,caged_4_3_3,1,caged_4,1
215,caged,4,3,3,5,16.34248438111344,33.445763968763636,15,caged_4_3_3,1,caged_4,1
216,caged,4,3,3,6,14.664950392605475,27.542350559860047,15,caged_4_3_3,1,caged_4,1
217,caged,4,3,3,7,14.103061926257359,20.73366670473136,15,caged_4_3_3,1,caged_4,1
218,caged,4,3,3,8,12.54262148116118,17.227786586413007,15,caged_4_3_3,1,caged_4,1
219,caged,4,3,3,9,8.492365509905873,15.81690161907825,15,caged_4_3_3,1,caged_4,1
220,caged,4,3,3,10,9.460489137846565,14.695916261202093,15,caged_4_3_3,1,caged_4,1
221,caged,4,3,3,11,8.900030775128903,12.702034059977482,15,caged_4_3_3,1,caged_4,1
222,caged,4,3,3,12,7.11340864243324,11.07653367620093,15,caged_4_3_3,1,caged_4,1
223,caged,4,3,4,0,74.42931022203027,7.832640343830955,16,caged_4_3_4,1,caged_4,1
224,caged,4,3,4,1,66.94043722474262,50.96150963163083,16,caged_4_3_4,1,caged_4,1
225,caged,4,3,4,2,41.53534705085415,48.173093788509185,16,caged_4_3_4,1,caged_4,1
226,caged,4,3,4,3,29.35760599421431,44.185957422054535,16,caged_4_3_4,1,caged_4,1
227,caged,4,3,4,4,20.047306612231107,36.287244428471126,16,caged_4_3_4,1,caged_4,1
228,caged,4,3,4,5,17.47060162412864,33.92049783831252,16,caged_4_3_4,1,caged_4,1
229,caged,4,3,4,6,17.346232296362974,24.74846331705379,16,caged_4_3_4,1,caged_4,1
230,caged,4,3,4,7,12.089718652982025,21.35827718793595,16,caged_4_3_4,1,caged_4,1
231,caged,4,3,4,8,11.255402901913165,16.044552344449137,16,caged_4_3_4,1,caged_4,1
232,caged,4,3,4,9,10.831004530954127,14.53305143353437,16,caged_4_3_4,1,caged_4,1
233,caged,4,3,4,10,10.658997070117877,14.689587536684815,16,caged_4_3_4,1,caged_4,1
234,caged,4,3,4,11,8.979168780442969,11.78423442061893,16,caged_4_3_4,1,caged_4,1
235,caged,4,3,4,12,9.066687376403591,11.597986631802844,16,caged_4_3_4,1,caged_4,1
236,caged,4,3,4,13,6.065792336245781,9.679194687914183,16,caged_4_3_4,1,caged_4,1
237,caged,4,3,4,14,6.674323599117523,10.819945579930321,16,caged_4_3_4,1,caged_4,1
238,caged,4,3,4,15,3.966551836232119,7.89225054454417,16,caged_4_3_4,1,caged_4,1
239,caged,4,4,1,0,83.07584791164562,16.51628197902705,17,caged_4_4_1,1,caged_4,1
240,caged,4,4,1,1,75.69875915199229,14.879174748409122,17,caged_4_4_1,1,caged_4,1
241,caged,4,4,1,2,74.83816339646847,30.64205271380583,17,caged_4_4_1,1,caged_4,1
242,caged,4,4,1,3,44.28485869628851,42.8747415496028,17,caged_4_4_1,1,caged_4,1
243,caged,4,4,1,4,34.65621561101349,38.72803670199405,17,caged_4_4_1,1,caged_4,1
244,caged,4,4,1,5,25.77778686104873,36.05533779037032,17,caged_4_4_1,1,caged_4,1
245,caged,4,4,1,6,19.860244446043293,31.464607638313662,17,caged_4_4_1,1,caged_4,1
246,caged,4,4,1,7,16.059406098975685,29.40642774452566,17,caged_4_4_1,1,caged_4,1
247,caged,4,4,1,8,15.76705657186552,24.41657808550127,17,caged_4_4_1,1,caged_4,1
248,caged,4,4,1,9,9.793668133299207,21.385255787097176,17,caged_4_4_1,1,caged_4,1
249,caged,4,4,1,10,10.278133260300459,21.45951656557203,17,caged_4_4_1,1,caged_4,1
250,caged,4,4,1,11,9.180100541521709,18.59789812643129,17,caged_4_4_1,1,caged_4,1
251,caged,4,4,1,12,9.220630619108105,16.82982615869864,17,caged_4_4_1,1,caged_4,1
252,caged,4,4,1,13,9.038136491834935,15.916701236286412,17,caged_4_4_1,1,caged_4,1
253,caged,4,4,1,14,5.657856197467038,13.929965004845798,17,caged_4_4_1,1,caged_4,1
254,caged,4,4,1,15,7.453377783263402,14.225316809744339,17,caged_4_4_1,1,caged_4,1
255,caged,4,4,2,0,94.7236915339615,22.467645054089463,18,caged_4_4_2,1,caged_4,1
256,caged,4,4,2,1,85.94190458151616,21.362926630715904,18,caged_4_4_2,1,caged_4,1
257,caged,4,4,2,2,52.58010898214109,40.581641492421205,18,caged_4_4_2,1,caged_4,1
258,caged,4,4,2,3,34.115019120630464,36.23732969030292,18,caged_4_4_2,1,caged_4,1
259,caged,4,4,2,4,24.91987353607878,32.514561012036395,18,caged_4_4_2,1,caged_4,1
260,caged,4,4,2,5,19.237120051669894,32.02751135598949,18,caged_4_4_2,1,caged_4,1
261,caged,4,4,2,6,14.154979761071298,26.405264787573124,18,caged_4_4_2,1,caged_4,1
262,caged,4,4,2,7,11.003564203414681,21.75413929028114,18,caged_4_4_2,1,caged_4,1
263,caged,4,4,2,8,10.894795415130867,20.04547914845592,18,caged_4_4_2,1,caged_4,1
264,caged,4,4,2,9,10.480750463593113,18.626250738147558,18,caged_4_4_2,1,caged_4,1
265,caged,4,4,2,10,7.388323511973001,17.968922095344112,18,caged_4_4_2,1,caged_4,1
266,caged,4,4,2,11,7.2879657522818535,16.207192908349885,18,caged_4_4_2,1,caged_4,1
267,caged,4,4,2,12,8.573286043155557,16.489359660887324,18,caged_4_4_2,1,caged_4,1
268,caged,4,4,2,13,8.066410888819009,13.784426192336252,18,caged_4_4_2,1,caged_4,1
269,caged,4,4,2,14,7.414096356082333,11.56847082595779,18,caged_4_4_2,1,caged_4,1
270,caged,4,4,2,15,4.032620761618078,11.047893606184363,18,caged_4_4_2,1,caged_4,1
271,caged,4,4,2,16,5.910541472468123,10.170090198323248,18,caged_4_4_2,1,caged_4,1
272,caged,4,4,3,0,91.16731914173079,20.470480956029572,19,caged_4_4_3,1,caged_4,1
273,caged,4,4,3,1,82.64563335236954,35.75661847463554,19,caged_4_4_3,1,caged_4,1
274,caged,4,4,3,2,45.84708652032593,41.69724627505924,19,caged_4_4_3,1,caged_4,1
275,caged,4,4,3,3,33.14076536303471,40.48541183030029,19,caged_4_4_3,1,caged_4,1
276,caged,4,4,3,4,27.39822879223226,34.19154194347877,19,caged_4_4_3,1,caged_4,1
277,caged,4,4,3,5,21.827540297348467,33.1152728025269,19,caged_4_4_3,1,caged_4,1
278,caged,4,4,3,6,19.654919719196762,27.32139061697245,19,caged_4_4_3,1,caged_4,1
279,caged,4,4,3,7,14.584714807733086,24.5592269569332,19,caged_4_4_3,1,caged_4,1
280,caged,4,4,3,8,10.48517061099841,19.913903551093682,19,caged_4_4_3,1,caged_4,1
281,caged,4,4,3,9,10.010711423770495,18.631500028498174,19,caged_4_4_3,1,caged_4,1
282,caged,4,4,3,10,7.738794414458491,19.198895357585524,19,caged_4_4_3,1,caged_4,1
283,caged,4,4,3,11,7.867926851857177,16.909040303021783,19,caged_4_4_3,1,caged_4,1
284,caged,4,4,3,12,8.248223454342625,13.602109382169635,19,caged_4_4_3,1,caged_4,1
285,caged,4,4,3,13,7.825768599586784,13.215791355360578,19,caged_4_4_3,1,caged_4,1
286,caged,4,4,4,0,99.70377858217908,23.193236219454906,20,caged_4_4_4,1,caged_4,1
287,caged,4,4,4,1,55.26207546280815,37.4041509766449,20,caged_4_4_4,1,caged_4,1
288,caged,4,4,4,2,37.70808527864701,39.65001983288038,20,caged_4_4_4,1,caged_4,1
289,caged,4,4,4,3,25.320786656344286,34.714636188883276,20,caged_4_4_4,1,caged_4,1
290,caged,4,4,4,4,19.61132362577539,31.508858453664065,20,caged_4_4_4,1,caged_4,1
291,caged,4,4,4,5,16.632930207856404,26.42106176429144,20,caged_4_4_4,1,caged_4,1
292,caged,4,4,4,6,14.26086088829606,24.609735866052045,20,caged_4_4_4,1,caged_4,1
293,caged,4,4,4,7,11.908213095123916,21.549558228972256,20,caged_4_4_4,1,caged_4,1
294,caged,4,4,4,8,10.822052095089866,18.997081193432354,20,caged_4_4_4,1,caged_4,1
295,caged,4,4,4,9,8.435602687683508,17.806383715733137,20,caged_4_4_4,1,caged_4,1
296,caged,4,4,4,10,11.065278540357447,15.347608165132609,20,caged_4_4_4,1,caged_4,1
297,caged,4,4,4,11,5.293454841344059,13.0348906581743,20,caged_4_4_4,1,caged_4,1
298,caged,4,4,4,12,7.899919753857172,12.328072054158216,20,caged_4_4_4,1,caged_4,1
299,caged,4,4,4,13,4.998908673201683,13.67652909986917,20,caged_4_4_4,1,caged_4,1
300,caged,4,4,4,14,3.766164123340117,11.12839567637235,20,caged_4_4_4,1,caged_4,1
301,caged,4,4,4,15,4.0213883916224535,12.194485085601958,20,caged_4_4_4,1,caged_4,1
302,caged,4,4,4,16,2.4826420447453503,10.683940782086571,20,caged_4_4_4,1,caged_4,1
303,caged,4,5,1,0,73.84817695304713,18.525552067570523,21,caged_4_5_1,1,caged_4,1
304,caged,4,5,1,1,86.94995197199167,29.99743999275581,21,caged_4_5_1,1,caged_4,1
305,caged,4,5,1,2,50.845637729659444,49.85771356751569,21,caged_4_5_1,1,caged_4,1
306,caged,4,5,1,3,40.4381414706551,45.13161381163547,21,caged_4_5_1,1,caged_4,1
307,caged,4,5,1,4,15.820670461586227,26.741245728493563,21,caged_4_5_1,1,caged_4,1
308,caged,4,5,1,5,12.814620538109617,22.449557185100634,21,caged_4_5_1,1,caged_4,1
309,caged,4,5,1,6,12.106986583779403,19.073330185939366,21,caged_4_5_1,1,caged_4,1
310,caged,4,5,1,7,11.2824188636252,16.2262416735316,21,caged_4_5_1,1,caged_4,1
311,caged,4,5,1,8,9.978647408163107,14.54428171328102,21,caged_4_5_1,1,caged_4,1
312,caged,4,5,1,9,8.00742168849384,11.701020224403013,21,caged_4_5_1,1,caged_4,1
313,caged,4,5,1,10,6.303966502556248,11.348809919913597,21,caged_4_5_1,1,caged_4,1
314,caged,4,5,1,11,5.025497596719267,10.372394496313627,21,caged_4_5_1,1,caged_4,1
315,caged,4,5,2,0,74.45972762347984,12.995550576969826,22,caged_4_5_2,1,caged_4,1
316,caged,4,5,2,1,78.58225931461347,27.47296915522547,22,caged_4_5_2,1,caged_4,1
317,caged,4,5,2,2,30.475071759947056,36.66400286704651,22,caged_4_5_2,1,caged_4,1
318,caged,4,5,2,3,17.74218861355022,26.079985240709,22,caged_4_5_2,1,caged_4,1
319,caged,4,5,2,4,14.463315050545097,23.68989139283964,22,caged_4_5_2,1,caged_4,1
320,caged,4,5,2,5,10.394640102071278,20.230505756221618,22,caged_4_5_2,1,caged_4,1
321,caged,4,5,2,6,9.624586058278867,17.12812034701461,22,caged_4_5_2,1,caged_4,1
322,caged,4,5,2,7,8.747940309591417,13.384248202724548,22,caged_4_5_2,1,caged_4,1
323,caged,4,5,2,8,6.983007091278746,11.63433793829732,22,caged_4_5_2,1,caged_4,1
324,caged,4,5,2,9,7.474902800117985,9.704224652508644,22,caged_4_5_2,1,caged_4,1
325,caged,4,5,2,10,7.049002255138359,11.518001562778215,22,caged_4_5_2,1,caged_4,1
326,caged,4,5,2,11,6.873910042273439,9.410080355767725,22,caged_4_5_2,1,caged_4,1
327,caged,4,5,3,0,72.55989667491271,15.598435776308431,23,caged_4_5_3,1,caged_4,1
328,caged,4,5,3,1,60.9789301538708,42.91256294492599,23,caged_4_5_3,1,caged_4,1
329,caged,4,5,3,2,39.08496729440161,45.24113444280248,23,caged_4_5_3,1,caged_4,1
330,caged,4,5,3,3,29.64094453516809,41.41481930321107,23,caged_4_5_3,1,caged_4,1
331,caged,4,5,3,4,18.174185869869298,29.083360090258008,23,caged_4_5_3,1,caged_4,1
332,caged,4,5,3,5,13.875459655467363,25.059815029470474,23,caged_4_5_3,1,caged_4,1
333,caged,4,5,3,6,13.445824908335382,19.776219475771292,23,caged_4_5_3,1,caged_4,1
334,caged,4,5,3,7,9.596316323444007,18.622180800453105,23,caged_4_5_3,1,caged_4,1
335,caged,4,5,3,8,12.307862532308564,15.86632904792831,23,caged_4_5_3,1,caged_4,1
336,caged,4,5,3,9,10.111932474280538,14.953337915242033,23,caged_4_5_3,1,caged_4,1
337,caged,4,5,3,10,10.195709796380195,10.131343000131496,23,caged_4_5_3,1,caged_4,1
338,caged,4,5,3,11,6.985808014980715,12.104293211979021,23,caged_4_5_3,1,caged_4,1
339,caged,4,5,3,12,3.2095589682743904,9.556922285814855,23,caged_4_5_3,1,caged_4,1
340,caged,4,5,4,0,65.18762087240162,9.791926370352742,24,caged_4_5_4,1,caged_4,1
341,caged,4,5,4,1,70.24679906519857,28.614461793283493,24,caged_4_5_4,1,caged_4,1
342,caged,4,5,4,2,49.310570453598956,48.732107409886986,24,caged_4_5_4,1,caged_4,1
343,caged,4,5,4,3,21.20435348015948,26.658753079160526,24,caged_4_5_4,1,caged_4,1
344,caged,4,5,4,4,17.389606001670654,28.43211168751448,24,caged_4_5_4,1,caged_4,1
345,caged,4,5,4,5,14.65035988132987,23.473227203112813,24,caged_4_5_4,1,caged_4,1
346,caged,4,5,4,6,11.407088129926766,17.6567590155127,24,caged_4_5_4,1,caged_4,1
347,caged,4,5,4,7,8.394874739649989,12.947372960156795,24,caged_4_5_4,1,caged_4,1
348,caged,4,5,4,8,5.117564549062311,11.03294903214639,24,caged_4_5_4,1,caged_4,1
349,caged,4,5,4,9,6.062594041361689,10.537927027438338,24,caged_4_5_4,1,caged_4,1
350,caged,7,1,1,0,68.22300390841693,17.321823823496366,25,caged_7_1_1,2,caged_7,1
351,caged,7,1,1,1,77.79784563770647,55.78828112049789,25,caged_7_1_1,2,caged_7,1
352,caged,7,1,1,2,42.64075597584295,53.60234849056325,25,caged_7_1_1,2,caged_7,1
353,caged,7,1,1,3,24.21974550858561,37.145839034339915,25,caged_7_1_1,2,caged_7,1
354,caged,7,1,1,4,19.412599169874905,31.321233496780156,25,caged_7_1_1,2,caged_7,1
355,caged,7,1,1,5,15.034634159762092,23.377150725957687,25,caged_7_1_1,2,caged_7,1
356,caged,7,1,1,6,12.661565020410718,19.900803378502207,25,caged_7_1_1,2,caged_7,1
357,caged,7,1,1,7,13.043730018977016,17.007170436455176,25,caged_7_1_1,2,caged_7,1
358,caged,7,1,1,8,10.703454642483111,15.017758716922788,25,caged_7_1_1,2,caged_7,1
359,caged,7,1,1,9,8.415502614118761,15.480882101200919,25,caged_7_1_1,2,caged_7,1
360,caged,7,1,1,10,9.429412487013144,12.673862830331869,25,caged_7_1_1,2,caged_7,1
361,caged,7,1,1,11,5.504851995237489,9.927619546994244,25,caged_7_1_1,2,caged_7,1
362,caged,7,1,1,12,4.928050903238249,10.862213839590641,25,caged_7_1_1,2,caged_7,1
363,caged,7,1,1,13,5.073717702425734,10.77806328572385,25,caged_7_1_1,2,caged_7,1
364,caged,7,1,1,14,3.983486373396879,9.759840743481128,25,caged_7_1_1,2,caged_7,1
365,caged,7,1,1,15,3.4554875768248894,9.36061918442398,25,caged_7_1_1,2,caged_7,1
366,caged,7,1,2,0,66.41488805673943,12.808331289848104,26,caged_7_1_2,2,caged_7,1
367,caged,7,1,2,1,57.08643286148199,58.33695052828262,26,caged_7_1_2,2,caged_7,1
368,caged,7,1,2,2,33.588866037331,46.61484492223094,26,caged_7_1_2,2,caged_7,1
369,caged,7,1,2,3,21.57851453455819,37.30708261859353,26,caged_7_1_2,2,caged_7,1
370,caged,7,1,2,4,18.412559303139066,29.167484978245554,26,caged_7_1_2,2,caged_7,1
371,caged,7,1,2,5,14.37922928147232,23.704894116356503,26,caged_7_1_2,2,caged_7,1
372,caged,7,1,2,6,12.481667063399902,20.213578192832443,26,caged_7_1_2,2,caged_7,1
373,caged,7,1,2,7,12.088627817681587,17.54769833735731,26,caged_7_1_2,2,caged_7,1
374,caged,7,1,2,8,12.685948428486348,17.002078321546655,26,caged_7_1_2,2,caged_7,1
375,caged,7,1,2,9,9.888497844541082,13.616289022485804,26,caged_7_1_2,2,caged_7,1
376,caged,7,1,2,10,9.212767257072873,12.636612431118973,26,caged_7_1_2,2,caged_7,1
377,caged,7,1,2,11,7.910365593610787,12.323675386202108,26,caged_7_1_2,2,caged_7,1
378,caged,7,1,2,12,9.354725804773189,10.563700412577182,26,caged_7_1_2,2,caged_7,1
379,caged,7,1,2,13,5.850398515286585,9.200947924442232,26,caged_7_1_2,2,caged_7,1
380,caged,7,1,2,14,4.655053677292266,8.696659684998961,26,caged_7_1_2,2,caged_7,1
381,caged,7,1,2,15,4.789818176129626,9.893928751551968,26,caged_7_1_2,2,caged_7,1
382,caged,7,1,3,0,78.68978930394574,61.838634181016396,27,caged_7_1_3,2,caged_7,1
383,caged,7,1,3,1,47.729989091418055,57.46821739948676,27,caged_7_1_3,2,caged_7,1
384,caged,7,1,3,2,25.596474645845163,44.743810703291,27,caged_7_1_3,2,caged_7,1
385,caged,7,1,3,3,18.12025414134219,36.85972083360541,27,caged_7_1_3,2,caged_7,1
386,caged,7,1,3,4,18.83202430115698,28.707470513231407,27,caged_7_1_3,2,caged_7,1
387,caged,7,1,3,5,17.690050164385774,24.210969484816122,27,caged_7_1_3,2,caged_7,1
388,caged,7,1,3,6,12.522070624970896,21.515540698010433,27,caged_7_1_3,2,caged_7,1
389,caged,7,1,3,7,10.548306138964668,17.21087231647262,27,caged_7_1_3,2,caged_7,1
390,caged,7,1,3,8,10.795806441325421,11.232829839409005,27,caged_7_1_3,2,caged_7,1
391,caged,7,1,3,9,6.858453491875496,8.406705375399081,27,caged_7_1_3,2,caged_7,1
392,caged,7,1,3,10,4.944868570152487,10.61729724279361,27,caged_7_1_3,2,caged_7,1
393,caged,7,1,3,11,7.3243658453450395,11.836053162686946,27,caged_7_1_3,2,caged_7,1
394,caged,7,1,3,12,6.010521829736369,11.575952230240821,27,caged_7_1_3,2,caged_7,1
395,caged,7,2,1,0,59.5738944788675,56.22963301900694,28,caged_7_2_1,2,caged_7,1
396,caged,7,2,1,1,25.372627546215377,39.54752832022251,28,caged_7_2_1,2,caged_7,1
397,caged,7,2,1,2,16.75872792940419,27.791230008034066,28,caged_7_2_1,2,caged_7,1
398,caged,7,2,1,3,14.238956895107846,22.004244721185003,28,caged_7_2_1,2,caged_7,1
399,caged,7,2,1,4,9.792084888940387,15.843320878074053,28,caged_7_2_1,2,caged_7,1
400,caged,7,2,2,0,85.8161168586213,51.646871173207394,29,caged_7_2_2,2,caged_7,1
401,caged,7,2,2,1,27.160293736078877,42.734300367202735,29,caged_7_2_2,2,caged_7,1
402,caged,7,2,2,2,18.841351005363194,28.28525780651386,29,caged_7_2_2,2,caged_7,1
403,caged,7,2,2,3,13.75865288291038,22.10107216425056,29,caged_7_2_2,2,caged_7,1
404,caged,7,2,2,4,10.518343106827999,18.21870286412167,29,caged_7_2_2,2,caged_7,1
405,caged,7,2,3,0,64.37914660895626,53.00374476855542,30,caged_7_2_3,2,caged_7,1
406,caged,7,2,3,1,26.050961281259074,37.8911537713543,30,caged_7_2_3,2,caged_7,1
407,caged,7,2,3,2,17.571084387211695,24.438151626349203,30,caged_7_2_3,2,caged_7,1
408,caged,7,2,3,3,13.280830503879734,20.49038593932429,30,caged_7_2_3,2,caged_7,1
409,caged,7,2,3,4,8.54552104934502,16.09013109323694,30,caged_7_2_3,2,caged_7,1
410,caged,7,2,4,0,51.196806691801875,53.3436218410027,31,caged_7_2_4,2,caged_7,1
411,caged,7,2,4,1,22.716727263624914,37.40380372826074,31,caged_7_2_4,2,caged_7,1
412,caged,7,2,4,2,18.582876145822823,27.478921172525656,31,caged_7_2_4,2,caged_7,1
413,caged,7,2,4,3,12.050593033625159,19.3400623884568,31,caged_7_2_4,2,caged_7,1
414,caged,7,2,4,4,9.796199596664934,14.707987129119264,31,caged_7_2_4,2,caged_7,1
415,caged,7,2,4,5,8.015226765983096,13.585680062188098,31,caged_7_2_4,2,caged_7,1
416,caged,7,2,4,6,7.9314152637828155,10.42224430346693,31,caged_7_2_4,2,caged_7,1
417,caged,7,3,1,0,80.87825095055256,35.67098628285286,32,caged_7_3_1,2,caged_7,1
418,caged,7,3,1,1,32.973191266916714,36.88758785802164,32,caged_7_3_1,2,caged_7,1
419,caged,7,3,1,2,16.44597715102212,31.13225735821864,32,caged_7_3_1,2,caged_7,1
420,caged,7,3,1,3,12.089874159421845,26.40047412257171,32,caged_7_3_1,2,caged_7,1
421,caged,7,3,1,4,13.557576154891496,19.831800474515298,32,caged_7_3_1,2,caged_7,1
422,caged,7,3,1,5,18.178459099106565,19.54685492919337,32,caged_7_3_1,2,caged_7,1
423,caged,7,3,1,6,11.129008660841262,17.320558906760812,32,caged_7_3_1,2,caged_7,1
424,caged,7,3,1,7,9.58757196444401,13.029259533002941,32,caged_7_3_1,2,caged_7,1
425,caged,7,3,1,8,9.442369424989216,12.21456237788137,32,caged_7_3_1,2,caged_7,1
426,caged,7,3,2,0,61.2354754212466,20.661133288699656,33,caged_7_3_2,2,caged_7,1
427,caged,7,3,2,1,33.79260330779871,34.53556020957931,33,caged_7_3_2,2,caged_7,1
428,caged,7,3,2,2,18.737034736399877,33.39493642652498,33,caged_7_3_2,2,caged_7,1
429,caged,7,3,2,3,14.918702054805012,27.17296411949301,33,caged_7_3_2,2,caged_7,1
430,caged,7,3,2,4,12.328671023690791,21.501200894002192,33,caged_7_3_2,2,caged_7,1
431,caged,7,3,2,5,9.828049472566416,18.25066082039957,33,caged_7_3_2,2,caged_7,1
432,caged,7,3,2,6,9.363736900992052,14.236260731088734,33,caged_7_3_2,2,caged_7,1
433,caged,7,3,2,7,7.806136436518616,13.98482310216262,33,caged_7_3_2,2,caged_7,1
434,caged,7,3,2,8,9.260630259419182,12.632047949423377,33,caged_7_3_2,2,caged_7,1
435,caged,7,3,2,9,5.02609934292863,11.020213810456971,33,caged_7_3_2,2,caged_7,1
436,caged,7,3,2,10,7.675930860107119,9.640783086555963,33,caged_7_3_2,2,caged_7,1
437,caged,7,3,2,11,4.908595656317468,10.299642827280879,33,caged_7_3_2,2,caged_7,1
438,caged,7,3,3,0,58.35809047817201,38.93306563597267,34,caged_7_3_3,2,caged_7,1
439,caged,7,3,3,1,26.71462015033079,34.416311501886206,34,caged_7_3_3,2,caged_7,1
440,caged,7,3,3,2,16.5677630027645,29.56963944071459,34,caged_7_3_3,2,caged_7,1
441,caged,7,3,3,3,7.2236655559639615,23.65548910721019,34,caged_7_3_3,2,caged_7,1
442,caged,7,3,3,4,5.494311971549903,20.1738581857388,34,caged_7_3_3,2,caged_7,1
443,caged,7,3,3,5,12.046619337866488,16.695194581271128,34,caged_7_3_3,2,caged_7,1
444,caged,7,3,3,6,9.798571448720061,14.523296995803737,34,caged_7_3_3,2,caged_7,1
445,caged,7,3,3,7,8.362221979026538,13.194201126617877,34,caged_7_3_3,2,caged_7,1
446,caged,7,3,3,8,4.284475506068938,9.935161584641053,34,caged_7_3_3,2,caged_7,1
447,caged,7,3,3,9,3.0119654440743373,10.203006081033529,34,caged_7_3_3,2,caged_7,1
448,caged,7,3,3,10,4.678751512434594,8.683594232013498,34,caged_7_3_3,2,caged_7,1
449,caged,7,3,3,11,4.089684337218532,7.717443661770314,34,caged_7_3_3,2,caged_7,1
450,caged,7,3,3,12,2.979834794797106,6.2832713684893395,34,caged_7_3_3,2,caged_7,1
451,caged,7,3,3,13,2.9934485418757726,5.747938278725402,34,caged_7_3_3,2,caged_7,1
452,caged,7,3,4,0,72.15922595442287,29.51394308731255,35,caged_7_3_4,2,caged_7,1
453,caged,7,3,4,1,57.19606125745391,32.84925744210251,35,caged_7_3_4,2,caged_7,1
454,caged,7,3,4,2,26.576477379503668,29.22667665703512,35,caged_7_3_4,2,caged_7,1
455,caged,7,3,4,3,17.83043322840414,24.545049194916235,35,caged_7_3_4,2,caged_7,1
456,caged,7,3,4,4,10.553079338105233,18.729984098046035,35,caged_7_3_4,2,caged_7,1
457,caged,7,3,4,5,10.192788509637909,15.164994443424453,35,caged_7_3_4,2,caged_7,1
458,caged,7,3,4,6,11.894924279722847,13.215096041043617,35,caged_7_3_4,2,caged_7,1
459,caged,7,3,4,7,7.5870488505337885,13.025055742262701,35,caged_7_3_4,2,caged_7,1
460,caged,7,3,4,8,7.770600041468541,11.922113397945296,35,caged_7_3_4,2,caged_7,1
461,caged,7,3,4,9,6.61947798244929,19.306929046886392,35,caged_7_3_4,2,caged_7,1
462,caged,7,4,1,0,114.57555530948171,21.093781154803363,36,caged_7_4_1,2,caged_7,1
463,caged,7,4,1,1,40.713211040732034,48.49136061131791,36,caged_7_4_1,2,caged_7,1
464,caged,7,4,1,2,20.495012775259553,37.5375125908233,36,caged_7_4_1,2,caged_7,1
465,caged,7,4,1,3,15.806951691204162,31.740691243447408,36,caged_7_4_1,2,caged_7,1
466,caged,7,4,1,4,16.223762309009135,26.098852945957283,36,caged_7_4_1,2,caged_7,1
467,caged,7,4,1,5,11.532857839909697,21.54632157991021,36,caged_7_4_1,2,caged_7,1
468,caged,7,4,1,6,10.109704618205834,17.854608756146632,36,caged_7_4_1,2,caged_7,1
469,caged,7,4,1,7,10.973769823558781,16.070581859531277,36,caged_7_4_1,2,caged_7,1
470,caged,7,4,1,8,7.6594057856647195,12.788498555514021,36,caged_7_4_1,2,caged_7,1
471,caged,7,4,1,9,6.93062632620471,11.064286660893751,36,caged_7_4_1,2,caged_7,1
472,caged,7,4,1,10,4.175893525653812,12.396707583354775,36,caged_7_4_1,2,caged_7,1
473,caged,7,4,1,11,4.785846825444769,11.56234241754621,36,caged_7_4_1,2,caged_7,1
474,caged,7,4,1,12,2.5820517778516523,7.727879284266954,36,caged_7_4_1,2,caged_7,1
475,caged,7,4,2,0,88.89681293855477,21.984506653073908,37,caged_7_4_2,2,caged_7,1
476,caged,7,4,2,1,55.92911771733048,50.7114833159394,37,caged_7_4_2,2,caged_7,1
477,caged,7,4,2,2,28.112394109252094,40.82542776086882,37,caged_7_4_2,2,caged_7,1
478,caged,7,4,2,3,19.80784146293009,32.28461685045195,37,caged_7_4_2,2,caged_7,1
479,caged,7,4,2,4,13.525788082481307,26.27859840821627,37,caged_7_4_2,2,caged_7,1
480,caged,7,4,2,5,10.937090536854368,21.830152584085905,37,caged_7_4_2,2,caged_7,1
481,caged,7,4,2,6,9.879019127346849,19.08163033224921,37,caged_7_4_2,2,caged_7,1
482,caged,7,4,2,7,9.9848939151899,16.478018395718973,37,caged_7_4_2,2,caged_7,1
483,caged,7,4,2,8,10.23976683112609,13.726501409832059,37,caged_7_4_2,2,caged_7,1
484,caged,7,4,2,9,9.751067636993643,13.94231447630134,37,caged_7_4_2,2,caged_7,1
485,caged,7,4,2,10,9.910493694537704,11.7337473509902,37,caged_7_4_2,2,caged_7,1
486,caged,7,4,2,11,6.801834602663929,9.575501751466168,37,caged_7_4_2,2,caged_7,1
487,caged,7,4,2,12,4.4698477849989295,9.636861039071583,37,caged_7_4_2,2,caged_7,1
488,caged,7,4,2,13,5.3486790176930805,8.373495849582772,37,caged_7_4_2,2,caged_7,1
489,caged,7,4,2,14,5.021284488691596,8.420857879569034,37,caged_7_4_2,2,caged_7,1
490,caged,7,4,3,0,103.37502876094563,51.1368579222246,38,caged_7_4_3,2,caged_7,1
491,caged,7,4,3,1,50.18806596885259,39.41496646636664,38,caged_7_4_3,2,caged_7,1
492,caged,7,4,3,2,26.036010745378615,35.54800355447942,38,caged_7_4_3,2,caged_7,1
493,caged,7,4,3,3,21.310007781524988,29.27427959057154,38,caged_7_4_3,2,caged_7,1
494,caged,7,4,3,4,16.399824836249444,21.923783825461612,38,caged_7_4_3,2,caged_7,1
495,caged,7,4,3,5,9.87777469375711,19.778858555892953,38,caged_7_4_3,2,caged_7,1
496,caged,7,4,3,6,13.72198840512045,15.286398090509751,38,caged_7_4_3,2,caged_7,1
497,caged,7,4,3,7,10.052946785233797,14.613631544940237,38,caged_7_4_3,2,caged_7,1
498,caged,7,4,3,8,11.702129092504226,12.198159284328879,38,caged_7_4_3,2,caged_7,1
499,caged,7,4,3,9,10.480888830746938,13.064130005765426,38,caged_7_4_3,2,caged_7,1
500,caged,7,4,3,10,6.314264307146577,11.77615326837499,38,caged_7_4_3,2,caged_7,1
501,caged,7,4,3,11,3.612268118051336,10.515048510945435,38,caged_7_4_3,2,caged_7,1
502,caged,7,4,4,0,92.75662028363055,32.76413761474441,39,caged_7_4_4,2,caged_7,1
503,caged,7,4,4,1,37.29228713291865,48.957765613167304,39,caged_7_4_4,2,caged_7,1
504,caged,7,4,4,2,19.807802723783436,34.32529579968943,39,caged_7_4_4,2,caged_7,1
505,caged,7,4,4,3,15.084434077986785,26.82046838995399,39,caged_7_4_4,2,caged_7,1
506,caged,7,4,4,4,10.372958826125556,22.43427559431857,39,caged_7_4_4,2,caged_7,1
507,caged,7,4,4,5,11.878055656673546,18.199932350900422,39,caged_7_4_4,2,caged_7,1
508,caged,7,4,4,6,10.60880657721616,15.199306644316453,39,caged_7_4_4,2,caged_7,1
509,caged,7,4,4,7,8.955997902625597,12.20549998055128,39,caged_7_4_4,2,caged_7,1
510,caged,7,4,4,8,8.816238760220283,12.01936052061461,39,caged_7_4_4,2,caged_7,1
511,caged,7,4,4,9,7.936238285716523,11.586025844965228,39,caged_7_4_4,2,caged_7,1
512,caged,7,4,4,10,5.452253308887961,10.677553845182263,39,caged_7_4_4,2,caged_7,1
513,caged,7,4,4,11,4.9417651103274105,8.499331623882222,39,caged_7_4_4,2,caged_7,1
514,caged,7,4,4,12,3.374796219144348,8.208763942519798,39,caged_7_4_4,2,caged_7,1
515,caged,7,4,4,13,3.368117346309257,7.585993906789275,39,caged_7_4_4,2,caged_7,1
516,caged,7,5,1,0,82.28988630288683,44.422225582253446,40,caged_7_5_1,2,caged_7,1
517,caged,7,5,1,1,31.958042075063155,45.37820114787204,40,caged_7_5_1,2,caged_7,1
518,caged,7,5,1,2,24.518726280391586,38.41369864293216,40,caged_7_5_1,2,caged_7,1
519,caged,7,5,1,3,17.86399299800218,31.280653460985718,40,caged_7_5_1,2,caged_7,1
520,caged,7,5,1,4,15.289392974074618,27.088007511327664,40,caged_7_5_1,2,caged_7,1
521,caged,7,5,1,5,12.459025469004091,24.354044911044568,40,caged_7_5_1,2,caged_7,1
522,caged,7,5,1,6,13.914856111995284,19.536647892609597,40,caged_7_5_1,2,caged_7,1
523,caged,7,5,1,7,11.526354283015603,16.774018023547423,40,caged_7_5_1,2,caged_7,1
524,caged,7,5,1,8,13.139041359943919,13.648152550231542,40,caged_7_5_1,2,caged_7,1
525,caged,7,5,1,9,8.88446000493454,11.880535163083428,40,caged_7_5_1,2,caged_7,1
526,caged,7,5,1,10,7.029397917219209,10.2867526959232,40,caged_7_5_1,2,caged_7,1
527,caged,7,5,1,11,9.374290306845985,11.586709916181885,40,caged_7_5_1,2,caged_7,1
528,caged,7,5,1,12,5.080786866485714,10.59895655522913,40,caged_7_5_1,2,caged_7,1
529,caged,7,5,1,13,7.112587422945743,9.799524508643799,40,caged_7_5_1,2,caged_7,1
530,caged,7,5,1,14,4.288607164826445,8.5397012763598,40,caged_7_5_1,2,caged_7,1
531,caged,7,5,1,15,4.11763084497717,8.254915645330467,40,caged_7_5_1,2,caged_7,1
532,caged,7,5,1,16,5.264588592366375,10.461649732934529,40,caged_7_5_1,2,caged_7,1
533,caged,7,5,2,0,90.09183004670017,20.586766737584114,41,caged_7_5_2,2,caged_7,1
534,caged,7,5,2,1,45.438968153743645,51.643656429059284,41,caged_7_5_2,2,caged_7,1
535,caged,7,5,2,2,26.8112766401621,38.703333035538286,41,caged_7_5_2,2,caged_7,1
536,caged,7,5,2,3,20.16349292791963,31.149256016511515,41,caged_7_5_2,2,caged_7,1
537,caged,7,5,2,4,15.818069313504349,23.67534085184683,41,caged_7_5_2,2,caged_7,1
538,caged,7,5,2,5,14.546225972010918,22.321488259818974,41,caged_7_5_2,2,caged_7,1
539,caged,7,5,2,6,10.085143299433936,18.9075783391935,41,caged_7_5_2,2,caged_7,1
540,caged,7,5,2,7,10.885456398695457,17.52040169591829,41,caged_7_5_2,2,caged_7,1
541,caged,7,5,2,8,10.405170917068473,15.647700164388159,41,caged_7_5_2,2,caged_7,1
542,caged,7,5,2,9,8.402626149482629,14.57250800197617,41,caged_7_5_2,2,caged_7,1
543,caged,7,5,2,10,6.273645936702179,13.164843111660863,41,caged_7_5_2,2,caged_7,1
544,caged,7,5,2,11,5.58386658151753,9.9331658503855,41,caged_7_5_2,2,caged_7,1
545,caged,7,5,2,12,4.054904516345785,13.200569755528143,41,caged_7_5_2,2,caged_7,1
546,caged,7,5,3,0,79.90158746965298,27.90752333168041,42,caged_7_5_3,2,caged_7,1
547,caged,7,5,3,1,54.14368048223805,51.29255300767585,42,caged_7_5_3,2,caged_7,1
548,caged,7,5,3,2,29.725362801599864,38.76768861259221,42,caged_7_5_3,2,caged_7,1
549,caged,7,5,3,3,18.7242789790657,29.59761322776739,42,caged_7_5_3,2,caged_7,1
550,caged,7,5,3,4,13.204924060605912,24.544833625924284,42,caged_7_5_3,2,caged_7,1
551,caged,7,5,3,5,14.295120469119396,21.046672573238297,42,caged_7_5_3,2,caged_7,1
552,caged,7,5,3,6,13.589386501047585,17.095363361665317,42,caged_7_5_3,2,caged_7,1
553,caged,7,5,3,7,11.413739269537617,15.753435014951716,42,caged_7_5_3,2,caged_7,1
554,caged,7,5,3,8,10.646578199308331,15.535109347815876,42,caged_7_5_3,2,caged_7,1
555,caged,7,5,3,9,10.482689443914564,13.997857445801941,42,caged_7_5_3,2,caged_7,1
556,caged,7,5,3,10,6.37049430447897,12.502683988769826,42,caged_7_5_3,2,caged_7,1
557,caged,7,5,3,11,6.112570906464753,11.615359422175356,42,caged_7_5_3,2,caged_7,1
558,caged,7,5,3,12,5.918353468352355,9.947760944083377,42,caged_7_5_3,2,caged_7,1
559,caged,7,5,3,13,3.882410362744537,9.134849491442854,42,caged_7_5_3,2,caged_7,1
560,caged,7,5,3,14,3.870287929538302,7.247156703648596,42,caged_7_5_3,2,caged_7,1
561,caged,7,5,4,0,97.06676038547438,25.859370417089988,43,caged_7_5_4,2,caged_7,1
562,caged,7,5,4,1,46.68413460534223,52.77107891162947,43,caged_7_5_4,2,caged_7,1
563,caged,7,5,4,2,25.688716213261245,40.94376982947251,43,caged_7_5_4,2,caged_7,1
564,caged,7,5,4,3,16.7934718300285,30.44819051978163,43,caged_7_5_4,2,caged_7,1
565,caged,7,5,4,4,15.715049762194576,26.276653898207638,43,caged_7_5_4,2,caged_7,1
566,caged,7,5,4,5,12.663085749864537,21.690611477912928,43,caged_7_5_4,2,caged_7,1
567,caged,7,5,4,6,8.314630836532462,17.736214979020204,43,caged_7_5_4,2,caged_7,1
568,caged,7,5,4,7,7.274798033951056,16.002115151049896,43,caged_7_5_4,2,caged_7,1
569,caged,7,5,4,8,7.844317426420507,12.577785129891348,43,caged_7_5_4,2,caged_7,1
570,caged,7,5,4,9,7.296247523366006,15.606050604562743,43,caged_7_5_4,2,caged_7,1
571,caged,7,5,4,10,8.965076473311246,13.332532402523192,43,caged_7_5_4,2,caged_7,1
572,caged,7,5,4,11,4.307505037169372,11.997258662756007,43,caged_7_5_4,2,caged_7,1
573,caged,10,1,1,0,83.96618843759869,26.81035623281302,44,caged_10_1_1,3,caged_10,1
574,caged,10,1,1,1,42.68324292372738,59.784803416520106,44,caged_10_1_1,3,caged_10,1
575,caged,10,1,1,2,23.609145409830052,47.630416834319476,44,caged_10_1_1,3,caged_10,1
576,caged,10,1,1,3,16.34574494729152,35.39509507905854,44,caged_10_1_1,3,caged_10,1
577,caged,10,1,1,4,14.464113111316408,25.00606093964325,44,caged_10_1_1,3,caged_10,1
578,caged,10,1,1,5,15.21197817158436,21.682564528786216,44,caged_10_1_1,3,caged_10,1
579,caged,10,1,1,6,12.67688663815906,17.713835881940454,44,caged_10_1_1,3,caged_10,1
580,caged,10,1,1,7,10.372535029793601,16.224396580938112,44,caged_10_1_1,3,caged_10,1
581,caged,10,1,1,8,10.7847238117117,14.737890401937733,44,caged_10_1_1,3,caged_10,1
582,caged,10,1,1,9,7.923686205783062,11.661861954361965,44,caged_10_1_1,3,caged_10,1
583,caged,10,1,1,10,5.456335257346002,12.3702772315466,44,caged_10_1_1,3,caged_10,1
584,caged,10,1,1,11,6.188807095553768,10.92107776023946,44,caged_10_1_1,3,caged_10,1
585,caged,10,1,1,12,3.9930269456264695,10.074081408014713,44,caged_10_1_1,3,caged_10,1
586,caged,10,1,2,0,103.85101082587119,36.30279254698361,45,caged_10_1_2,3,caged_10,1
587,caged,10,1,2,1,35.87364862272574,60.72260818062416,45,caged_10_1_2,3,caged_10,1
588,caged,10,1,2,2,19.842755991891195,40.682829101000685,45,caged_10_1_2,3,caged_10,1
589,caged,10,1,2,3,14.277486579570592,31.988067911795724,45,caged_10_1_2,3,caged_10,1
590,caged,10,1,2,4,12.332964203665231,23.7957743691506,45,caged_10_1_2,3,caged_10,1
591,caged,10,1,2,5,11.303962950303697,19.22398467682701,45,caged_10_1_2,3,caged_10,1
592,caged,10,1,2,6,11.862002648985634,16.43305814497274,45,caged_10_1_2,3,caged_10,1
593,caged,10,1,2,7,11.533885023028748,14.314624647409467,45,caged_10_1_2,3,caged_10,1
594,caged,10,1,2,8,6.829609722840179,12.558847757505603,45,caged_10_1_2,3,caged_10,1
595,caged,10,1,2,9,8.13052493183451,12.850847605268441,45,caged_10_1_2,3,caged_10,1
596,caged,10,1,2,10,5.467022081209453,11.18935080317586,45,caged_10_1_2,3,caged_10,1
597,caged,10,1,3,0,73.47554470344646,21.431063889479095,46,caged_10_1_3,3,caged_10,1
598,caged,10,1,3,1,61.77571772533141,66.3295462226642,46,caged_10_1_3,3,caged_10,1
599,caged,10,1,3,2,25.650577094697205,51.124559732306516,46,caged_10_1_3,3,caged_10,1
600,caged,10,1,3,3,18.65281601390817,35.895975949366026,46,caged_10_1_3,3,caged_10,1
601,caged,10,1,3,4,12.937767233685204,28.286870537922987,46,caged_10_1_3,3,caged_10,1
602,caged,10,1,3,5,10.527801707178117,21.824162369422258,46,caged_10_1_3,3,caged_10,1
603,caged,10,1,3,6,11.245808189167361,17.090783287392558,46,caged_10_1_3,3,caged_10,1
604,caged,10,1,3,7,10.251046735639795,15.085367797580021,46,caged_10_1_3,3,caged_10,1
605,caged,10,1,3,8,12.49422402092331,14.106476711845108,46,caged_10_1_3,3,caged_10,1
606,caged,10,1,3,9,8.528441610034509,13.320987561439267,46,caged_10_1_3,3,caged_10,1
607,caged,10,1,3,10,6.608025754931923,12.017679114212404,46,caged_10_1_3,3,caged_10,1
608,caged,10,1,3,11,7.504131695095096,11.638262052965128,46,caged_10_1_3,3,caged_10,1
609,caged,10,1,3,12,7.062723056309263,13.111542929737725,46,caged_10_1_3,3,caged_10,1
610,caged,10,1,4,0,74.75313117163785,12.932142073361387,47,caged_10_1_4,3,caged_10,1
611,caged,10,1,4,1,59.61157052038892,59.854028150560175,47,caged_10_1_4,3,caged_10,1
612,caged,10,1,4,2,33.37135761867818,51.73207885646725,47,caged_10_1_4,3,caged_10,1
613,caged,10,1,4,3,19.92281863385671,38.24205141201524,47,caged_10_1_4,3,caged_10,1
614,caged,10,1,4,4,13.721343025119824,27.050061603583686,47,caged_10_1_4,3,caged_10,1
615,caged,10,1,4,5,6.223490182958887,23.030853242409222,47,caged_10_1_4,3,caged_10,1
616,caged,10,1,4,6,9.859225172228413,18.568930540150266,47,caged_10_1_4,3,caged_10,1
617,caged,10,1,4,7,14.491850495805673,18.26687098377689,47,caged_10_1_4,3,caged_10,1
618,caged,10,2,1,0,110.96065664523363,60.77092972811734,48,caged_10_2_1,3,caged_10,1
619,caged,10,2,1,1,44.76688089890435,65.38380359283855,48,caged_10_2_1,3,caged_10,1
620,caged,10,2,1,2,30.849911759802215,51.459785350276576,48,caged_10_2_1,3,caged_10,1
621,caged,10,2,1,3,26.607401145176805,41.89158503357076,48,caged_10_2_1,3,caged_10,1
622,caged,10,2,1,4,11.092641449144876,34.205399443806385,48,caged_10_2_1,3,caged_10,1
623,caged,10,2,1,5,14.839884620460133,31.634556035176708,48,caged_10_2_1,3,caged_10,1
624,caged,10,2,1,6,11.994879865808242,24.425687223799905,48,caged_10_2_1,3,caged_10,1
625,caged,10,2,1,7,10.170053748845833,23.23156958370082,48,caged_10_2_1,3,caged_10,1
626,caged,10,2,1,8,15.703508993477678,18.08928314477984,48,caged_10_2_1,3,caged_10,1
627,caged,10,2,1,9,10.135482443067849,10.111041293982549,48,caged_10_2_1,3,caged_10,1
628,caged,10,2,2,0,97.35280740754322,74.74423607826597,49,caged_10_2_2,3,caged_10,1
629,caged,10,2,2,1,54.60384493913767,58.25740921737006,49,caged_10_2_2,3,caged_10,1
630,caged,10,2,2,2,29.1277378952054,50.086196825253964,49,caged_10_2_2,3,caged_10,1
631,caged,10,2,2,3,16.67029556571657,38.90690318675027,49,caged_10_2_2,3,caged_10,1
632,caged,10,2,2,4,14.509231480801013,31.005584147101697,49,caged_10_2_2,3,caged_10,1
633,caged,10,2,2,5,10.116495268703929,25.749430977177322,49,caged_10_2_2,3,caged_10,1
634,caged,10,2,2,6,14.618268203260046,21.46215331722717,49,caged_10_2_2,3,caged_10,1
635,caged,10,2,2,7,8.501354215364566,16.514626122163357,49,caged_10_2_2,3,caged_10,1
636,caged,10,2,2,8,7.84976869390237,15.83442590316708,49,caged_10_2_2,3,caged_10,1
637,caged,10,2,2,9,10.216967979921359,13.87541026253283,49,caged_10_2_2,3,caged_10,1
638,caged,10,2,2,10,8.403911825869836,12.65201799671424,49,caged_10_2_2,3,caged_10,1
639,caged,10,2,3,0,105.69923785973748,66.00661450732551,50,caged_10_2_3,3,caged_10,1
640,caged,10,2,3,1,40.82287396135145,59.6219776282323,50,caged_10_2_3,3,caged_10,1
641,caged,10,2,3,2,26.18476453635614,49.698943779491685,50,caged_10_2_3,3,caged_10,1
642,caged,10,2,3,3,19.49897168665968,42.427193118628715,50,caged_10_2_3,3,caged_10,1
643,caged,10,2,3,4,13.766106793876949,33.011516831356325,50,caged_10_2_3,3,caged_10,1
644,caged,10,2,3,5,10.199396057631636,26.99572673112374,50,caged_10_2_3,3,caged_10,1
645,caged,10,2,3,6,12.244643638877715,22.434452817197247,50,caged_10_2_3,3,caged_10,1
646,caged,10,2,3,7,10.106733394239727,17.61275356021259,50,caged_10_2_3,3,caged_10,1
647,caged,10,2,3,8,11.695335355705527,13.501806865337336,50,caged_10_2_3,3,caged_10,1
648,caged,10,3,1,0,88.69312804512076,47.54094687901027,51,caged_10_3_1,3,caged_10,1
649,caged,10,3,1,1,31.198337450463434,42.73023522163388,51,caged_10_3_1,3,caged_10,1
650,caged,10,3,1,2,18.601627984139785,28.560092259125696,51,caged_10_3_1,3,caged_10,1
651,caged,10,3,1,3,15.004622224271351,23.075755207187665,51,caged_10_3_1,3,caged_10,1
652,caged,10,3,1,4,11.577991151635704,18.361957253491678,51,caged_10_3_1,3,caged_10,1
653,caged,10,3,1,5,10.360245411181682,14.271899238802845,51,caged_10_3_1,3,caged_10,1
654,caged,10,3,1,6,6.966780533074388,10.87570642072188,51,caged_10_3_1,3,caged_10,1
655,caged,10,3,1,7,5.250857253743857,11.38394249848907,51,caged_10_3_1,3,caged_10,1
656,caged,10,3,1,8,4.8679398875730175,8.767336577484851,51,caged_10_3_1,3,caged_10,1
657,caged,10,3,2,0,65.34918130246353,20.503827106150123,52,caged_10_3_2,3,caged_10,1
658,caged,10,3,2,1,40.54756296395596,22.545950142898022,52,caged_10_3_2,3,caged_10,1
659,caged,10,3,2,2,41.32484458856078,46.77286356227652,52,caged_10_3_2,3,caged_10,1
660,caged,10,3,2,3,28.18978140046576,35.0502178201473,52,caged_10_3_2,3,caged_10,1
661,caged,10,3,2,4,13.401766343195266,24.56347954820116,52,caged_10_3_2,3,caged_10,1
662,caged,10,3,2,5,14.167999183086481,19.678977986125982,52,caged_10_3_2,3,caged_10,1
663,caged,10,3,2,6,12.248553159716757,14.505426822115583,52,caged_10_3_2,3,caged_10,1
664,caged,10,3,2,7,8.608254163718557,11.400084502884116,52,caged_10_3_2,3,caged_10,1
665,caged,10,3,2,8,5.980538421567142,10.548033642495325,52,caged_10_3_2,3,caged_10,1
666,caged,10,3,2,9,4.914259938166016,9.563732525517695,52,caged_10_3_2,3,caged_10,1
667,caged,10,3,3,0,86.46628021707063,45.28599815718609,53,caged_10_3_3,3,caged_10,1
668,caged,10,3,3,1,28.51677560135952,40.71250587758207,53,caged_10_3_3,3,caged_10,1
669,caged,10,3,3,2,16.651455872705363,29.45299689541696,53,caged_10_3_3,3,caged_10,1
670,caged,10,3,3,3,13.316537417530057,21.297063309980558,53,caged_10_3_3,3,caged_10,1
671,caged,10,3,3,4,10.249746329240143,16.607100981541297,53,caged_10_3_3,3,caged_10,1
672,caged,10,3,3,5,10.630881026658033,12.72844104653821,53,caged_10_3_3,3,caged_10,1
673,caged,10,3,3,6,7.063332413128152,10.12853262195838,53,caged_10_3_3,3,caged_10,1
674,caged,10,3,3,7,5.709080664165026,9.493342569272782,53,caged_10_3_3,3,caged_10,1
675,caged,10,3,3,8,4.161041565475653,7.762547264114804,53,caged_10_3_3,3,caged_10,1
676,caged,10,3,4,0,58.18946355070163,54.27953876064755,54,caged_10_3_4,3,caged_10,1
677,caged,10,3,4,1,29.86195478193994,41.62693052304741,54,caged_10_3_4,3,caged_10,1
678,caged,10,3,4,2,18.93301293209224,26.323607107715674,54,caged_10_3_4,3,caged_10,1
679,caged,10,3,4,3,13.513413450655007,20.89582510783019,54,caged_10_3_4,3,caged_10,1
680,caged,10,3,4,4,10.805175590457392,18.00551924649579,54,caged_10_3_4,3,caged_10,1
681,caged,10,3,4,5,6.673429615844624,13.350265915405998,54,caged_10_3_4,3,caged_10,1
682,caged,10,3,4,6,5.456335257346002,11.048515555644977,54,caged_10_3_4,3,caged_10,1
683,caged,10,3,4,7,4.511994974286017,8.767534310117945,54,caged_10_3_4,3,caged_10,1
684,caged,10,3,4,8,4.354443284258543,7.542217563587396,54,caged_10_3_4,3,caged_10,1
685,caged,10,4,1,0,99.86903742966209,34.89594474228936,55,caged_10_4_1,3,caged_10,1
686,caged,10,4,1,1,49.20480139265938,57.65792351354831,55,caged_10_4_1,3,caged_10,1
687,caged,10,4,1,2,26.579429593250296,46.826619019014174,55,caged_10_4_1,3,caged_10,1
688,caged,10,4,1,3,17.32580088106951,33.20648210250147,55,caged_10_4_1,3,caged_10,1
689,caged,10,4,1,4,14.717962589856485,25.75896900095251,55,caged_10_4_1,3,caged_10,1
690,caged,10,4,1,5,11.56577642919211,22.32340111401944,55,caged_10_4_1,3,caged_10,1
691,caged,10,4,1,6,11.620105960240721,18.81096255775198,55,caged_10_4_1,3,caged_10,1
692,caged,10,4,1,7,9.195206502847231,14.201045362846061,55,caged_10_4_1,3,caged_10,1
693,caged,10,4,1,8,9.328370913531357,12.281915910058673,55,caged_10_4_1,3,caged_10,1
694,caged,10,4,1,9,6.224420509788886,11.596364101817315,55,caged_10_4_1,3,caged_10,1
695,caged,10,4,1,10,11.910326939990746,7.300768815857875,55,caged_10_4_1,3,caged_10,1
696,caged,10,4,2,0,96.91898804465552,42.377926351057816,56,caged_10_4_2,3,caged_10,1
697,caged,10,4,2,1,36.14173762984272,47.09406721433027,56,caged_10_4_2,3,caged_10,1
698,caged,10,4,2,2,22.149099632838105,36.81303767270738,56,caged_10_4_2,3,caged_10,1
699,caged,10,4,2,3,12.68552378395021,22.553984360508018,56,caged_10_4_2,3,caged_10,1
700,caged,10,4,2,4,10.430639925119864,20.212133833637854,56,caged_10_4_2,3,caged_10,1
701,caged,10,4,2,5,13.320260298541323,17.23796518911063,56,caged_10_4_2,3,caged_10,1
702,caged,10,4,2,6,7.97180998452119,14.738379580777309,56,caged_10_4_2,3,caged_10,1
703,caged,10,4,2,7,7.133377595334625,11.394971686748715,56,caged_10_4_2,3,caged_10,1
704,caged,10,4,2,8,8.156505067762671,10.988435869918222,56,caged_10_4_2,3,caged_10,1
705,caged,10,4,2,9,7.176669576903494,9.347151775753971,56,caged_10_4_2,3,caged_10,1
706,caged,10,4,2,10,5.142010680034903,8.476470410180507,56,caged_10_4_2,3,caged_10,1
707,caged,10,4,2,11,4.653388142482184,7.487651016170619,56,caged_10_4_2,3,caged_10,1
708,caged,10,4,3,0,72.02531876188779,35.49371844078191,57,caged_10_4_3,3,caged_10,1
709,caged,10,4,3,1,39.436410317145544,52.79473406533246,57,caged_10_4_3,3,caged_10,1
710,caged,10,4,3,2,22.552212340404864,40.261490763690865,57,caged_10_4_3,3,caged_10,1
711,caged,10,4,3,3,15.825445102070272,30.83016850934169,57,caged_10_4_3,3,caged_10,1
712,caged,10,4,3,4,12.396843444450788,22.39001666244951,57,caged_10_4_3,3,caged_10,1
713,caged,10,4,3,5,9.121842674795298,16.669660515323216,57,caged_10_4_3,3,caged_10,1
714,caged,10,4,3,6,10.890061311710744,13.545042208682135,57,caged_10_4_3,3,caged_10,1
715,caged,10,4,3,7,7.517954940440443,10.4711889408888,57,caged_10_4_3,3,caged_10,1
716,caged,10,4,3,8,5.772756435440717,9.182014055789386,57,caged_10_4_3,3,caged_10,1
717,caged,10,4,3,9,4.721695636905675,8.896507893632965,57,caged_10_4_3,3,caged_10,1
718,caged,10,4,3,10,5.4110909362427915,8.250788801311774,57,caged_10_4_3,3,caged_10,1
719,caged,10,4,3,11,4.479795943111467,7.209383377876146,57,caged_10_4_3,3,caged_10,1
720,caged,10,4,4,0,65.7729540533793,9.978894949266802,58,caged_10_4_4,3,caged_10,1
721,caged,10,4,4,1,53.19822681641543,41.463915569544724,58,caged_10_4_4,3,caged_10,1
722,caged,10,4,4,2,29.278368632931798,48.72677655444998,58,caged_10_4_4,3,caged_10,1
723,caged,10,4,4,3,20.527725609115762,37.65428407974026,58,caged_10_4_4,3,caged_10,1
724,caged,10,4,4,4,18.39929595809105,23.7899957037065,58,caged_10_4_4,3,caged_10,1
725,caged,10,4,4,5,12.986690605197587,22.687962203067894,58,caged_10_4_4,3,caged_10,1
726,caged,10,4,4,6,12.276302991031063,18.81379353965864,58,caged_10_4_4,3,caged_10,1
727,caged,10,4,4,7,9.421359601826994,15.84782516050222,58,caged_10_4_4,3,caged_10,1
728,caged,10,4,4,8,8.229017556764447,11.627072046036757,58,caged_10_4_4,3,caged_10,1
729,caged,10,4,4,9,5.023016234556765,11.55796925699643,58,caged_10_4_4,3,caged_10,1
730,caged,10,4,4,10,5.2487227466592525,8.35632947041877,58,caged_10_4_4,3,caged_10,1
731,caged,10,4,5,0,96.0794749485017,9.568149052598374,59,caged_10_4_5,3,caged_10,1
732,caged,10,4,5,1,58.40466379361531,56.33011915615384,59,caged_10_4_5,3,caged_10,1
733,caged,10,4,5,2,29.47915471650271,44.83616161887274,59,caged_10_4_5,3,caged_10,1
734,caged,10,4,5,3,17.567309875726092,36.10673622099368,59,caged_10_4_5,3,caged_10,1
735,caged,10,4,5,4,16.497381434874686,26.017617925408555,59,caged_10_4_5,3,caged_10,1
736,caged,10,4,5,5,13.83523962273667,23.724092870155083,59,caged_10_4_5,3,caged_10,1
737,caged,10,4,5,6,10.578236095862975,17.55171542183874,59,caged_10_4_5,3,caged_10,1
738,caged,10,4,5,7,8.579864565897033,16.456332692593524,59,caged_10_4_5,3,caged_10,1
739,caged,10,4,5,8,9.921513003075576,13.989808311695588,59,caged_10_4_5,3,caged_10,1
740,caged,10,4,5,9,8.354100496772338,12.705514338064212,59,caged_10_4_5,3,caged_10,1
741,caged,10,4,5,10,7.733118313684889,10.137606261226129,59,caged_10_4_5,3,caged_10,1
742,caged,10,4,5,11,9.021800074994456,10.262176153601201,59,caged_10_4_5,3,caged_10,1
743,caged,10,4,5,12,6.160038103267744,9.975177643334696,59,caged_10_4_5,3,caged_10,1
744,caged,10,4,5,13,4.591310994333449,10.347838036675409,59,caged_10_4_5,3,caged_10,1
745,caged,10,4,5,14,5.843127698285483,8.085002830853037,59,caged_10_4_5,3,caged_10,1
746,banked,10,1,1,0,116.64119247116143,29.11509155491023,60,banked_10_1_1,4,banked_10,2
747,banked,10,1,1,1,87.47091006911069,54.077624858325905,60,banked_10_1_1,4,banked_10,2
748,banked,10,1,1,2,46.80169078722113,47.29250366827687,60,banked_10_1_1,4,banked_10,2
749,banked,10,1,1,3,33.320709375648256,41.76975330237037,60,banked_10_1_1,4,banked_10,2
750,banked,10,1,1,4,23.781396204032614,35.12224436156203,60,banked_10_1_1,4,banked_10,2
751,banked,10,1,1,5,16.68576745078821,28.052240335141107,60,banked_10_1_1,4,banked_10,2
752,banked,10,1,1,6,15.29451417520165,23.347752778497355,60,banked_10_1_1,4,banked_10,2
753,banked,10,1,1,7,13.61448737820353,21.770037863204156,60,banked_10_1_1,4,banked_10,2
754,banked,10,1,1,8,12.57451618546468,19.01292573682842,60,banked_10_1_1,4,banked_10,2
755,banked,10,1,1,9,9.798571448720061,15.93202611760358,60,banked_10_1_1,4,banked_10,2
756,banked,10,1,1,10,6.426113038496606,14.552243147133304,60,banked_10_1_1,4,banked_10,2
757,banked,10,1,1,11,4.299306359853473,11.930437821688196,60,banked_10_1_1,4,banked_10,2
758,banked,10,1,1,12,4.774552903753717,11.476660501954253,60,banked_10_1_1,4,banked_10,2
759,banked,10,1,1,13,3.725047280524951,10.207233118561408,60,banked_10_1_1,4,banked_10,2
760,banked,10,1,1,14,3.3492755905520464,7.927068890102828,60,banked_10_1_1,4,banked_10,2
761,banked,10,1,1,15,2.8972115944070116,7.522149907693437,60,banked_10_1_1,4,banked_10,2
762,banked,10,1,2,0,114.59241609748376,37.732069748773434,61,banked_10_1_2,4,banked_10,2
763,banked,10,1,2,1,71.4333185909142,54.85341553839186,61,banked_10_1_2,4,banked_10,2
764,banked,10,1,2,2,46.350202634028676,49.65495641118216,61,banked_10_1_2,4,banked_10,2
765,banked,10,1,2,3,31.931995238126643,43.30161197520574,61,banked_10_1_2,4,banked_10,2
766,banked,10,1,2,4,24.191375275802212,32.96215735166685,61,banked_10_1_2,4,banked_10,2
767,banked,10,1,2,5,17.407759435161974,26.712748194264197,61,banked_10_1_2,4,banked_10,2
768,banked,10,1,2,6,13.310371387139714,23.387035425778585,61,banked_10_1_2,4,banked_10,2
769,banked,10,1,2,7,11.599016508272422,19.888837119112207,61,banked_10_1_2,4,banked_10,2
770,banked,10,1,2,8,10.108070855900174,16.88245187779393,61,banked_10_1_2,4,banked_10,2
771,banked,10,1,2,9,10.477570634611634,15.494868204422936,61,banked_10_1_2,4,banked_10,2
772,banked,10,1,2,10,6.991092167301284,13.174202288101347,61,banked_10_1_2,4,banked_10,2
773,banked,10,1,2,11,6.363751658464469,11.012709312057716,61,banked_10_1_2,4,banked_10,2
774,banked,10,1,2,12,4.039147843845691,8.842332331671717,61,banked_10_1_2,4,banked_10,2
775,banked,10,1,2,13,4.850580238624276,9.082334120084122,61,banked_10_1_2,4,banked_10,2
776,banked,10,1,2,14,5.222625684448964,7.0099864577570195,61,banked_10_1_2,4,banked_10,2
777,banked,10,1,2,15,4.1095563098310395,6.037293614259948,61,banked_10_1_2,4,banked_10,2
778,banked,10,1,2,16,3.554340518162092,5.433293636356892,61,banked_10_1_2,4,banked_10,2
779,banked,10,2,1,0,130.03593838192705,10.503507988067193,62,banked_10_2_1,4,banked_10,2
780,banked,10,2,1,1,82.29042880043622,55.16076465206542,62,banked_10_2_1,4,banked_10,2
781,banked,10,2,1,2,44.8216742674526,48.63945244361063,62,banked_10_2_1,4,banked_10,2
782,banked,10,2,1,3,29.796045158997856,43.69041465298369,62,banked_10_2_1,4,banked_10,2
783,banked,10,2,1,4,20.98821717177616,37.120777326462985,62,banked_10_2_1,4,banked_10,2
784,banked,10,2,1,5,19.431562297667565,27.797982668305476,62,banked_10_2_1,4,banked_10,2
785,banked,10,2,1,6,11.040929380334987,26.022243158692813,62,banked_10_2_1,4,banked_10,2
786,banked,10,2,1,7,16.00596742769345,22.39721641576038,62,banked_10_2_1,4,banked_10,2
787,banked,10,2,1,8,13.930831492876742,20.31156695335151,62,banked_10_2_1,4,banked_10,2
788,banked,10,2,1,9,11.83313216570244,16.10425709493151,62,banked_10_2_1,4,banked_10,2
789,banked,10,2,1,10,9.64910910220753,13.454054911634527,62,banked_10_2_1,4,banked_10,2
790,banked,10,2,1,11,10.296212017019728,12.229709628647798,62,banked_10_2_1,4,banked_10,2
791,banked,10,2,1,12,6.24224938409079,12.937138231103617,62,banked_10_2_1,4,banked_10,2
792,banked,10,2,1,13,5.029102768542823,11.979196737357904,62,banked_10_2_1,4,banked_10,2
793,banked,10,2,1,14,5.269513808792873,9.93777941716405,62,banked_10_2_1,4,banked_10,2
794,banked,10,2,1,15,4.728157649316107,8.938366063292847,62,banked_10_2_1,4,banked_10,2
795,banked,10,2,2,0,110.28366806625458,86.64967546618522,63,banked_10_2_2,4,banked_10,2
796,banked,10,2,2,1,59.33180352305228,45.34181329545305,63,banked_10_2_2,4,banked_10,2
797,banked,10,2,2,2,53.43445973136188,31.68691344686381,63,banked_10_2_2,4,banked_10,2
798,banked,10,2,2,3,47.1117351992307,25.067003768926835,63,banked_10_2_2,4,banked_10,2
799,banked,10,2,2,4,38.784306818405334,22.106550645060477,63,banked_10_2_2,4,banked_10,2
800,banked,10,2,2,5,31.462889351517372,14.871086434343262,63,banked_10_2_2,4,banked_10,2
801,banked,10,2,2,6,24.369008158630777,15.738189096762067,63,banked_10_2_2,4,banked_10,2
802,banked,10,2,2,7,22.396489997467214,10.961533791703683,63,banked_10_2_2,4,banked_10,2
803,banked,10,2,2,8,17.98612133722041,10.465808503937792,63,banked_10_2_2,4,banked_10,2
804,banked,10,2,2,9,17.090063478337257,9.595826334523704,63,banked_10_2_2,4,banked_10,2
805,banked,10,2,2,10,13.574244559952168,7.175936566083168,63,banked_10_2_2,4,banked_10,2
806,banked,10,2,2,11,12.366115043719287,6.702618866608884,63,banked_10_2_2,4,banked_10,2
807,banked,10,3,1,0,145.38114360020336,12.826995792316978,64,banked_10_3_1,4,banked_10,2
808,banked,10,3,1,1,80.54610130419468,61.43212094139331,64,banked_10_3_1,4,banked_10,2
809,banked,10,3,1,2,39.96309557555739,49.603105296669916,64,banked_10_3_1,4,banked_10,2
810,banked,10,3,1,3,25.88677489480135,39.66430540802426,64,banked_10_3_1,4,banked_10,2
811,banked,10,3,1,4,17.843649699188624,33.84084256520587,64,banked_10_3_1,4,banked_10,2
812,banked,10,3,1,5,15.021661543001667,25.726856639295892,64,banked_10_3_1,4,banked_10,2
813,banked,10,3,1,6,20.756140812385354,25.450814096165388,64,banked_10_3_1,4,banked_10,2
814,banked,10,3,1,7,12.8987432335538,15.666208708388607,64,banked_10_3_1,4,banked_10,2
815,banked,10,3,1,8,9.067772660216015,13.247179659422937,64,banked_10_3_1,4,banked_10,2
816,banked,10,3,2,0,135.27575428874923,14.820385949560293,65,banked_10_3_2,4,banked_10,2
817,banked,10,3,2,1,78.26328144012848,59.99229455766717,65,banked_10_3_2,4,banked_10,2
818,banked,10,3,2,2,42.6255472155748,55.17624102846142,65,banked_10_3_2,4,banked_10,2
819,banked,10,3,2,3,23.459333459390905,37.79475678258356,65,banked_10_3_2,4,banked_10,2
820,banked,10,3,2,4,17.107864360866806,28.873157866837435,65,banked_10_3_2,4,banked_10,2
821,banked,10,3,2,5,14.142087942703274,22.94337568425869,65,banked_10_3_2,4,banked_10,2
822,banked,10,3,2,6,12.197649051877779,17.356965467914762,65,banked_10_3_2,4,banked_10,2
823,banked,10,3,2,7,8.123169103158618,15.340773696254082,65,banked_10_3_2,4,banked_10,2
824,banked,10,3,2,8,6.849081897577028,13.360138510888943,65,banked_10_3_2,4,banked_10,2
825,banked,10,3,2,9,6.945762037904849,11.690922064675846,65,banked_10_3_2,4,banked_10,2
826,banked,10,3,2,10,5.012843330713211,11.24832831611229,65,banked_10_3_2,4,banked_10,2
827,banked,10,4,1,0,89.48547928166747,50.24351637297287,66,banked_10_4_1,4,banked_10,2
828,banked,10,4,1,1,42.09643545516955,48.168576523531144,66,banked_10_4_1,4,banked_10,2
829,banked,10,4,1,2,28.383938398597163,39.12578599396838,66,banked_10_4_1,4,banked_10,2
830,banked,10,4,1,3,21.72979754844612,36.34329271189496,66,banked_10_4_1,4,banked_10,2
831,banked,10,4,1,4,17.093069545873703,27.992273110624723,66,banked_10_4_1,4,banked_10,2
832,banked,10,4,1,5,15.748349048861575,25.907576149154117,66,banked_10_4_1,4,banked_10,2
833,banked,10,4,1,6,8.074568663237534,21.38147120891579,66,banked_10_4_1,4,banked_10,2
834,banked,10,4,2,0,114.19411107045563,17.480443670039723,67,banked_10_4_2,4,banked_10,2
835,banked,10,4,2,1,76.26131253397422,50.66277296170446,67,banked_10_4_2,4,banked_10,2
836,banked,10,4,2,2,37.2625407073546,47.02493225817333,67,banked_10_4_2,4,banked_10,2
837,banked,10,4,2,3,25.55156268682636,40.425112987842844,67,banked_10_4_2,4,banked_10,2
838,banked,10,4,2,4,20.676306611695832,33.4006252211171,67,banked_10_4_2,4,banked_10,2
839,banked,10,4,2,5,16.010936079860137,29.437677026910325,67,banked_10_4_2,4,banked_10,2
840,banked,10,4,2,6,11.31654200833803,18.40050666817345,67,banked_10_4_2,4,banked_10,2
841,banked,10,4,3,0,115.78980812214854,23.31741520375399,68,banked_10_4_3,4,banked_10,2
842,banked,10,4,3,1,73.35803213970941,52.61727193061401,68,banked_10_4_3,4,banked_10,2
843,banked,10,4,3,2,34.192489853497065,48.21602912830946,68,banked_10_4_3,4,banked_10,2
844,banked,10,4,3,3,24.767953402676522,37.85211991314435,68,banked_10_4_3,4,banked_10,2
845,banked,10,4,3,4,19.564400059175735,31.39108167371174,68,banked_10_4_3,4,banked_10,2
846,banked,10,4,3,5,16.668793144666004,27.462768254244526,68,banked_10_4_3,4,banked_10,2
847,banked,10,4,3,6,13.380857913699398,25.241028747848496,68,banked_10_4_3,4,banked_10,2
848,banked,10,4,3,7,12.711553532037263,19.696249445131006,68,banked_10_4_3,4,banked_10,2
849,banked,10,4,3,8,7.051139648335875,20.37717235218058,68,banked_10_4_3,4,banked_10,2
850,banked,10,4,4,0,105.5124510050247,34.16895912259998,69,banked_10_4_4,4,banked_10,2
851,banked,10,4,4,1,46.54527208761696,45.472742677996884,69,banked_10_4_4,4,banked_10,2
852,banked,10,4,4,2,28.98924744348487,39.64685247435683,69,banked_10_4_4,4,banked_10,2
853,banked,10,4,4,3,22.080635022843182,33.87668725727482,69,banked_10_4_4,4,banked_10,2
854,banked,10,4,4,4,17.215688104542803,28.645741531444738,69,banked_10_4_4,4,banked_10,2
855,banked,10,4,4,5,14.806896391243273,26.30701282900548,69,banked_10_4_4,4,banked_10,2
856,banked,10,4,4,6,12.541113579371999,26.35378262691138,69,banked_10_4_4,4,banked_10,2
857,banked,10,4,4,7,14.107086935122936,22.154149988621437,69,banked_10_4_4,4,banked_10,2
858,banked,10,4,4,8,10.638800086941444,19.688067834242435,69,banked_10_4_4,4,banked_10,2
859,banked,10,4,4,9,11.852609277748282,16.561068607994557,69,banked_10_4_4,4,banked_10,2
860,banked,10,4,5,0,100.71883965106832,16.944432569950045,70,banked_10_4_5,4,banked_10,2
861,banked,10,4,5,1,75.00223225289801,57.71476480128581,70,banked_10_4_5,4,banked_10,2
862,banked,10,4,5,2,41.471190953156594,47.598980470366214,70,banked_10_4_5,4,banked_10,2
863,banked,10,4,5,3,27.369117957677684,39.160254659222865,70,banked_10_4_5,4,banked_10,2
864,banked,10,4,5,4,20.92269977897573,33.82467638742629,70,banked_10_4_5,4,banked_10,2
865,banked,10,4,5,5,17.006383274733597,28.09650007378731,70,banked_10_4_5,4,banked_10,2
866,banked,10,4,5,6,12.200709271957527,24.726534218433624,70,banked_10_4_5,4,banked_10,2
